Date_Time,Open,Max,Min,Close,Volume,SMA14,SMA30,EMA14,EMA30,Privot_Dot,Pct_Change,TR,R1,R2,R3,S1,S2,S3,BB_Lower,BB_Mean,BB_Upper,EMA_12,EMA_26,MACD,RSI,ATR,PSAR,Direction
2017-05-16,93.54,93.54,86.0,87.06,983,89.955,89.955,89.74821428571428,89.8585,88.86666666666667,-0.06235864297253624,9.340000000000003,91.73333333333335,96.4066666666667,99.27333333333335,84.19333333333334,-90.67333333333333,76.65333333333334,-237.36786968715734,89.955,417.2778696871573,89.71375,89.84365384615384,-0.12990384615383732,0.0,9.205357142857142,71.09358037911913,-1.0
2017-05-17,87.06,91.14,79.73,84.2,907,88.03666666666668,88.03666666666668,87.62877758913415,87.84523880044429,85.02333333333333,-0.03285090742016994,11.519999999999996,90.31666666666665,96.43333333333332,101.72666666666665,78.90666666666665,-85.84666666666668,67.49666666666666,-264.29278747488917,88.03666666666668,440.36612080822255,87.56173210161664,87.81594381468705,-0.25421171307040424,0.0,10.08955857385399,71.54790877153675,1.0
2017-05-18,84.21,92.03,84.2,91.25,869,88.84,88.84,88.73661167512691,88.78337458379579,89.16000000000001,0.08372921615201889,13.64,94.12000000000002,96.99,101.95000000000002,86.29000000000002,-87.07,78.46000000000002,-226.21095484977937,88.84,403.8909548497794,88.72597413793103,88.77595585728896,-0.04998171935793039,46.792105349117335,11.175738759970994,71.99315059610602,1.0
2017-05-19,92.11,102.31,86.17,97.84,1159,90.64000000000001,90.64000000000001,91.11167176009195,90.843976136,95.44,0.07221917808219191,16.14,104.71,111.58,120.85,88.57,-93.04,72.42999999999999,-331.2492724002317,90.64000000000001,512.5292724002318,91.2022223913395,90.87794507953036,0.32427731180914066,62.091762403082505,12.470906921733036,72.4294875841839,1.0
2017-05-21,101.15,101.48,98.65,99.85,150,92.17500000000001,92.17500000000001,93.13356512431183,92.6058628380121,99.99333333333334,0.020543744889615523,16.0,101.33666666666667,102.82333333333335,104.16666666666667,98.50666666666667,-100.13666666666667,95.67666666666668,-390.27298448566376,92.17500000000001,574.6229844856638,93.3040873081334,92.67497612155746,0.6291111865759405,64.95805728623823,13.287476141927195,73.62470808081655,1.0
2017-05-22,99.85,144.65,93.65,114.65,1197,95.38571428571429,95.38571428571429,97.66753415461747,96.41853997216249,117.65000000000002,0.1482223335002506,51.0,141.65000000000003,168.65,192.65000000000003,90.65000000000003,-120.64999999999999,39.650000000000034,-714.0606057000717,95.38571428571429,904.8320342715002,98.06735304167374,96.58312020283442,1.4842328388393184,77.32695793188738,21.23430451823812,74.77211975758388,1.0
2017-05-23,111.65,137.66,111.65,131.16,989,99.8575,99.8575,104.21816729180159,101.83945563085464,126.82333333333334,0.14400348887919745,27.870000000000005,141.99666666666667,152.83333333333334,168.00666666666666,115.98666666666668,-122.48666666666666,89.97666666666669,-1158.767271941509,99.8575,1358.4822719415092,104.97327840139637,102.15431229534921,2.8189661060471565,83.11670411812288,22.53214884274267,78.96479257212884,1.0
2017-05-24,131.7,149.82,131.7,139.52,1605,104.26444444444445,104.26444444444445,110.71805529631472,107.22599872226668,140.34666666666666,0.06373894480024411,35.269999999999996,148.99333333333334,158.46666666666664,167.11333333333334,130.87333333333333,-141.17333333333332,112.75333333333333,-1477.9336859414286,104.26444444444445,1686.4625748303176,111.80784955416712,107.69272749976781,4.115122054399308,84.83118710949607,24.87748333641338,82.90590501780112,-1.0
2017-05-25,139.25,140.94,110.07,114.55,1978,105.293,105.293,111.38950263962175,108.19683655948238,121.85333333333334,-0.17897075688073405,35.36,133.63666666666668,152.72333333333336,164.5066666666667,102.76666666666668,-129.15666666666664,71.89666666666668,-1408.9136376224924,105.293,1619.4996376224922,112.32748599793103,108.6389643651068,3.6885216328242336,66.009464644259,26.714268183065286,88.25903261637703,-1.0
2017-05-26,114.32,134.26,103.95,105.58,1570,105.3190909090909,105.3190909090909,110.41246863888264,107.87205784897637,114.59666666666665,-0.07830641641204716,32.22999999999999,125.2433333333333,144.90666666666664,155.55333333333328,94.93333333333331,-123.61333333333334,64.62333333333332,-1331.2001153394644,105.3190909090909,1541.8382971576461,111.09285875368836,108.24221571787116,2.8506430358171997,60.168454606553134,27.64189621912978,93.18391000706687,-1.0
2017-05-28,98.02,103.15,97.25,102.03,170,105.045,105.045,109.05018592705403,107.1877730686677,100.81,-0.033623792384921414,15.900000000000006,104.37,106.71000000000001,110.27000000000001,98.47,-99.59,92.57,-1266.724250081043,105.045,1476.8142500810432,109.48151221937519,107.47894713470322,2.0025650846719714,57.96601243787283,25.733653801232897,97.25,1.0
2017-05-29,102.1,116.66,98.0,113.15,1289,105.66846153846154,105.66846153846154,109.6975776394083,107.85122600385446,109.27,0.10898755268058413,19.340000000000003,120.53999999999999,127.93,139.2,101.88,-105.39,83.22,-1219.9397918194602,105.66846153846154,1431.2767148963833,110.11850106204592,108.14330995496474,1.9751911070811872,62.424344639086016,24.724047412032352,97.25,1.0
2017-05-30,113.15,123.83,110.68,117.34,1645,106.50214285714286,106.50214285714286,110.87542923406357,108.85993209580856,117.28333333333335,0.03703049049933704,18.919999999999987,123.88666666666668,130.43333333333334,137.0366666666667,110.7366666666667,-117.22666666666666,97.5866666666667,-1191.288247900542,106.50214285714286,1404.2925336148278,111.34809176165871,109.17620769468317,2.1718840669755366,63.73137445855176,23.82952651575623,98.0,1.0
2017-05-31,117.34,138.34,109.27,129.6,1710,109.12714285714286,108.04199999999999,113.70249778681831,110.97626953330851,125.73666666666666,0.10448269984659952,29.070000000000007,142.20333333333332,154.80666666666667,171.27333333333334,113.13333333333333,-121.87333333333333,84.06333333333332,-1230.351283279467,108.04199999999999,1446.4352832794668,114.40559885334574,111.38556173255164,3.0200371207941004,66.97279701067285,24.620742398568463,102.1456,1.0
2017-06-01,129.6,144.22,123.65,129.86,1663,112.1842857142857,109.40562499999999,116.09967935398785,112.83349236506044,132.57666666666668,0.002006172839506215,20.569999999999993,141.50333333333336,153.14666666666668,162.07333333333335,120.93333333333337,-135.29333333333332,100.36333333333337,-1255.1616845579074,109.40562499999999,1473.9729345579071,116.95956049390459,113.31813973921446,3.641420754690131,70.79937855305775,24.019760583243166,105.959552,1.0
2017-06-02,129.86,140.46,129.25,140.46,1169,116.20285714285714,111.23235294117646,119.66034184484928,115.46164918373844,136.72333333333333,0.08162636685661484,11.740000000000009,144.19666666666666,147.93333333333334,155.40666666666667,132.98666666666665,-132.98666666666668,121.77666666666664,-1340.7530285978512,111.23235294117646,1563.2177344802042,120.7993744895028,116.07327558199903,4.7260989075037685,74.8679750600662,22.22487111766997,109.46838784,1.0
2017-06-04,138.64,141.24,134.93,140.99,1223,119.75571428571428,112.88555555555554,122.73852030893583,117.81806182941109,139.05333333333334,0.0037733162466182524,6.310000000000002,143.17666666666668,145.36333333333334,149.48666666666668,136.86666666666667,-137.11666666666667,130.55666666666667,-1403.2592855264613,112.88555555555554,1629.0303966375725,124.06718885527233,118.53500402503973,5.532184830232609,73.0031138765746,19.92812481368409,112.6965168128,-1.0
2017-06-05,140.99,143.58,136.89,140.7,992,122.81714285714285,114.34947368421052,125.30246679403942,119.87308716576575,140.39,-0.0020568834669126845,6.690000000000026,143.89,147.08000000000004,150.58,137.19999999999996,-140.08,130.50999999999993,-1444.8981271135058,114.34947368421052,1673.597074481927,126.73780758190873,120.67203036211998,6.0657772197887425,70.91863086226344,18.038422842064566,115.666395467776,1.0
2017-06-06,140.14,145.75,114.36,142.58,1962,125.86928571428572,115.761,127.74578156848527,121.86208418740955,134.23000000000002,0.013361762615494044,31.39,154.10000000000002,165.62,185.49000000000004,122.71000000000004,-125.87999999999998,91.32000000000004,-1483.6123387808577,115.761,1715.1343387808577,129.2645097923501,122.73811841623906,6.52639137611105,70.70980886499744,19.926545720675673,149.82,-1.0
2017-06-07,142.58,151.91,131.4,135.97,1427,127.39214285714286,116.72333333333331,128.89949060716538,123.06998163739172,139.76,-0.04635993828026386,20.50999999999999,148.11999999999998,160.26999999999995,168.62999999999997,127.60999999999999,-143.55,107.1,-1459.2717757913817,117.91699999999999,1695.1057757913816,130.3279773975539,123.9612374111466,6.366739986407296,62.22787586150733,20.008393799167077,114.36,1.0
2017-06-08,136.04,144.25,134.28,142.47,879,128.2,117.89363636363633,130.7900508375227,124.69665402910726,140.33333333333334,0.04780466279326312,12.590000000000003,146.38666666666668,150.30333333333337,156.35666666666668,136.41666666666669,-138.19666666666666,126.44666666666669,-1401.9320257162478,120.68749999999997,1643.3070257162478,132.2445557738997,125.64128581796383,6.603269955935858,57.69789306136425,18.97490862305129,114.36,1.0
2017-06-09,144.13,148.84,142.29,146.87,980,128.725,119.15347826086953,133.01689312280263,126.52060497156143,146.0,0.030883694812943174,42.170000000000016,149.71,152.55000000000004,156.26000000000002,143.16,-145.13,136.60999999999999,-1302.7296691778115,123.82099999999998,1550.3716691778113,134.54393528706657,127.53658088251451,7.007354404552061,55.891195599657664,22.18709603528834,115.862,1.0
2017-06-11,146.04,199.15,146.04,184.46,2637,133.71857142857144,121.8745833333333,140.10450778443817,131.20353780561234,176.54999999999998,0.25594062776605164,53.110000000000014,207.05999999999997,229.66,260.16999999999996,153.94999999999996,-168.64000000000001,100.83999999999995,-1535.5604878664017,128.48149999999998,1792.5234878664014,142.36525656128256,132.54257191518423,9.822684646098338,81.05192367509397,26.44752354103425,117.30391999999999,-1.0
2017-06-12,184.75,193.74,146.52,163.72,2206,137.8714285714286,123.54839999999996,143.34376062902277,133.78949709036237,167.99333333333334,-0.1124363005529655,47.22,189.46666666666667,215.21333333333334,236.68666666666667,142.24666666666667,-172.26666666666668,95.02666666666667,-1540.9211035881217,131.77549999999997,1804.4721035881216,145.7018328888241,135.246889875338,10.454943013486087,77.90974553000619,29.296810053657996,122.21468479999999,1.0
2017-06-13,163.72,182.25,162.25,178.73,1055,143.35000000000002,125.6707692307692,148.17903080621974,137.3106536213789,174.41,0.09168091864158323,27.30000000000001,186.57,194.40999999999997,206.57,166.57,-170.09,146.57,-1622.708149295312,135.71949999999998,1894.147149295312,150.84997505343244,138.97142466917538,11.878550384257068,82.85936250914284,29.02396059936141,126.83080371199999,-1.0
2017-06-14,178.73,190.63,144.85,154.95,1707,146.33571428571432,126.75518518518514,149.10118239672764,138.67386262665116,163.47666666666666,-0.13304985173166228,45.78,182.10333333333332,209.2566666666667,227.88333333333333,136.32333333333332,-172.00333333333333,90.54333333333332,-1605.772742763776,137.73449999999997,1881.241742763776,151.48775954142678,140.3243971637245,11.16336237770227,69.46442579138407,31.3059985088095,131.16995548928,-1.0
2017-06-15,153.22,159.64,128.75,154.78,1810,149.01000000000002,127.7560714285714,149.87238712824174,139.9028917572849,147.72333333333333,-0.0010971281058405058,30.889999999999986,166.69666666666666,178.61333333333334,197.58666666666664,135.80666666666667,-140.66666666666666,104.91666666666669,-1625.6344161163104,138.91549999999998,1903.4654161163105,151.99901381535528,141.53557464756764,10.46343916778764,68.16180292644141,31.24950435092145,199.15,1.0
2017-06-16,155.51,160.25,146.75,156.57,1043,150.93642857142862,128.74965517241378,150.779706620609,141.15990483062296,154.52333333333334,0.011564801653960455,38.639999999999986,162.29666666666668,168.0233333333333,175.79666666666668,148.79666666666668,-152.47666666666666,135.29666666666668,-1652.8494019153052,139.76799999999997,1932.3854019153052,152.70782149389453,142.78313314311072,9.92468835078381,64.61311315159122,32.25068803965622,199.15,1.0
2017-06-18,175.75,186.76,165.75,185.39,1681,154.90285714285716,130.63766666666663,155.4583390214523,144.45970829641146,179.29999999999998,0.1840710225458262,28.80000000000001,192.84999999999997,200.30999999999995,213.85999999999996,171.83999999999997,-173.21,150.82999999999998,-1758.0903019189238,143.30999999999997,2044.7103019189237,157.76956058555174,146.28744668715768,11.482113898394061,70.95618894460749,31.784222740140688,196.334,1.0
2017-06-19,185.39,198.55,185.38,194.55,2032,158.7664285714286,134.02766666666665,160.73302181681007,148.15938698466513,192.82666666666668,0.049409353255299715,13.410000000000025,200.27333333333337,205.99666666666667,213.44333333333338,187.10333333333335,-191.10333333333332,173.93333333333334,-1823.6722810106673,147.75849999999997,2119.1892810106674,163.46015886127006,150.22474529668983,13.235413564580227,70.0047765193773,29.304967724123927,128.75,-1.0
2017-06-20,194.57,198.04,166.75,185.14,1766,161.92000000000002,137.29699999999997,164.0210298301154,150.86549619341568,183.30999999999997,-0.048368028784374295,31.289999999999992,199.86999999999995,214.59999999999997,231.15999999999994,168.57999999999996,-181.48000000000002,137.28999999999996,-1728.771783614065,151.91399999999996,2032.599783614065,166.81149979029345,153.05193735023335,13.759562440060108,66.60119160676695,29.572383132158567,128.75,-1.0
2017-06-21,185.11,192.74,167.05,176.55,2000,164.48071428571433,140.37533333333332,165.7065509688749,152.72885918407243,178.78,-0.04639732094631077,25.689999999999998,190.51,204.46999999999997,216.2,164.82,-181.01000000000002,139.13,-1624.8142692750823,155.08399999999997,1934.9822692750824,168.31580022664974,154.94160873856936,13.374191488080385,63.84750268993306,29.05008650687441,131.542,1.0
2017-06-22,176.98,182.99,168.85,178.65,794,167.0571428571429,143.28866666666664,167.44575083513345,154.59440565906098,176.83,0.011894647408666081,14.430000000000007,184.81000000000003,190.97000000000006,198.95000000000005,170.67000000000002,-175.01,156.53,-1518.8666072713572,158.14949999999996,1835.1656072713572,169.91112372234076,156.8361750448434,13.07494867749736,63.79797706535629,27.08559833712156,134.22232,1.0
2017-06-23,179.09,188.36,178.02,183.28,712,170.43642857142865,146.13666666666663,169.57118347726913,156.64363521591423,183.22,0.025916596697453054,24.57000000000002,188.42,193.56000000000003,198.76,178.07999999999998,-183.16000000000003,167.73999999999998,-1482.9947415556671,160.8335,1804.661741555667,171.97383279876246,158.93706996023565,13.036762838526812,67.50654255132105,26.747929353606775,136.7954272,-1.0
2017-06-25,172.64,175.33,155.86,163.79,1083,171.9592857142858,148.26799999999994,168.79586998163916,157.15064500540055,164.99333333333334,-0.10634002618943694,19.47,174.12666666666667,184.46333333333337,193.59666666666666,154.65666666666667,-166.1966666666667,135.18666666666667,-1374.6776548249504,162.52999999999997,1699.7376548249504,170.711696406417,159.32056230520004,11.391134101216949,59.63315202172519,25.77188753270991,139.26561011200002,-1.0
2017-06-26,164.15,166.25,134.99,159.06,1173,172.8300000000001,149.7483333333333,167.4912072347626,157.2852416081564,153.43333333333334,-0.02887844190732025,34.41999999999999,171.87666666666667,184.69333333333333,203.13666666666666,140.61666666666667,-147.80666666666667,109.35666666666668,-1318.8953659215827,163.45999999999998,1645.8153659215827,168.91541237343532,159.3000733254822,9.615339047953114,56.95142747354814,26.93078449704387,198.55,1.0
2017-06-27,159.06,170.75,141.75,169.41,1751,171.75500000000008,151.02333333333328,167.74816374862485,158.1348766473846,160.63666666666666,0.06506978498679739,36.33000000000001,179.5233333333333,189.63666666666666,208.5233333333333,150.5233333333333,-151.86333333333334,121.52333333333331,-1258.441312113963,164.88099999999994,1588.2033121139627,168.99163618042635,160.09144595993237,8.900190220493982,47.982917872822235,28.189487204514485,198.55,1.0
2017-06-28,169.49,181.84,164.75,178.08,1314,172.78071428571437,152.30866666666662,169.13095371686026,159.52479346565548,174.89000000000001,0.05117761643350471,17.090000000000003,185.03000000000003,191.98000000000002,202.12000000000003,167.94000000000003,-171.7,150.85000000000002,-1198.6231585695855,166.74999999999994,1532.1231585695855,170.39191967027733,161.49363925153196,8.898280418745372,57.4073951248811,26.703956541277623,196.00760000000002,-1.0
2017-06-29,177.25,178.81,166.98,171.24,976,172.24571428571434,154.19833333333327,169.4130814604854,160.33699184099987,172.34333333333333,-0.03840970350404316,11.830000000000013,177.70666666666668,184.17333333333332,189.5366666666667,165.87666666666667,-173.44666666666666,154.04666666666665,-1120.4912061961438,168.18299999999994,1456.8572061961438,170.52255726444704,162.25042757228152,8.272129692165521,49.78564819309846,24.714262985799223,193.566896,1.0
2017-06-30,171.24,179.45,168.78,173.3,999,173.55642857142865,156.45566666666662,169.93280859957713,161.23139425555243,173.84333333333333,0.012029899556178503,11.799999999999983,178.90666666666667,184.5133333333333,189.57666666666665,168.23666666666668,-174.38666666666666,157.5666666666667,-968.792981019882,170.04949999999997,1308.8919810198818,170.95030968634725,163.10535236905423,7.844957317293023,60.40537768941078,22.98747275676441,191.22382016,-1.0
2017-07-02,157.54,169.25,155.22,167.65,976,174.47571428571436,158.64299999999994,169.62768549690486,161.67228035593808,164.04,-0.032602423542989034,22.090000000000003,172.85999999999999,178.06999999999996,186.89,158.82999999999998,-160.43,144.79999999999998,-844.7374422362171,171.30849999999998,1187.354442236217,170.44211379939858,163.45582398326113,6.986289816137457,57.73298618940046,22.867515405912254,188.9744673536,1.0
2017-07-03,167.65,181.75,165.75,177.31,1391,175.95714285714294,160.78166666666664,170.65417680353468,162.7419526498434,174.93666666666664,0.05762004175365343,16.0,184.12333333333328,190.9366666666666,200.12333333333328,168.12333333333328,-172.56333333333336,152.12333333333328,-737.0933192875757,172.83049999999997,1082.7543192875755,171.49951439045844,164.52098097379513,6.978533416663311,60.300456802515725,21.94989548037091,186.815088659456,1.0
2017-07-04,177.06,185.75,175.93,180.2,1174,175.58642857142863,162.87699999999995,171.92930310768935,163.93151735140958,180.62666666666667,0.016299137104506256,31.819999999999993,185.32333333333332,190.44666666666666,195.14333333333332,175.50333333333333,-181.05333333333334,165.68333333333334,-722.0490961446468,172.61749999999998,1067.2840961446468,172.83891099734518,165.72306110199085,7.11584989535433,49.01942646540814,23.268339122025083,185.75,1.0
2017-07-05,180.75,211.53,177.37,207.75,2102,176.52928571428578,165.48199999999994,176.7130363396394,166.90646559417524,198.88333333333333,0.15288568257491675,34.16,220.39666666666665,233.0433333333333,254.55666666666664,186.23666666666665,-190.01666666666668,152.07666666666665,-900.549874682069,174.819,1250.187874682069,178.21276859598638,168.93684884291162,9.27591975307476,56.621910356247184,24.72288369020414,134.99,-1.0
2017-07-06,207.58,223.19,199.96,207.14,2752,178.10071428571433,168.05799999999996,180.77558817885588,169.62883074883354,210.09666666666666,-0.0029362214199759595,34.44,220.23333333333332,233.32666666666663,243.4633333333333,197.00333333333333,-213.05333333333334,173.77333333333334,-1044.0589392648787,176.23949999999996,1396.5379392648786,182.6651595713467,171.85125081235896,10.813908758987736,60.588917522112006,26.020295064434375,134.99,-1.0
2017-07-07,208.64,209.48,184.35,188.75,1825,178.9721428571429,169.66766666666663,181.8401201359447,170.9185870135942,194.19333333333336,-0.08878053490392968,25.129999999999995,204.03666666666672,219.32333333333335,229.1666666666667,178.90666666666672,-199.63666666666663,153.77666666666673,-992.5780910433052,177.9295,1348.4370910433051,183.6016533059498,173.13755844317978,10.464094862770025,56.87177572767547,25.901446481167593,138.518,1.0
2017-07-09,207.74,209.74,192.89,192.95,931,179.99357142857144,171.39966666666663,183.32297915280634,172.4002945747114,198.52666666666664,0.022251655629139,39.900000000000006,204.1633333333333,215.37666666666667,221.01333333333332,187.31333333333328,-204.10333333333335,170.46333333333325,-934.2526083484265,179.83799999999997,1293.9286083484265,185.0403342213637,174.64257508746095,10.397759133902753,57.50879911088034,27.76986284231839,141.90488,-1.0
2017-07-10,195.05,196.0,162.95,169.84,1369,179.03357142857143,172.37099999999998,181.52362727936136,172.2285739229802,176.26333333333332,-0.11977196164809534,34.31999999999999,189.57666666666665,209.31333333333333,222.62666666666667,156.52666666666664,-182.68666666666667,123.47666666666663,-863.399870966524,180.50149999999996,1224.402870966524,182.70116951862514,174.27844396394488,8.422725554680255,47.46020149505913,28.64400211320369,145.15628479999998,-1.0
2017-07-11,169.88,175.83,147.46,161.68,2104,178.88285714285715,173.00766666666667,178.8757425315883,171.52287681452924,161.65666666666667,-0.04804521902967496,28.889999999999986,175.85333333333332,190.02666666666667,204.22333333333333,147.48333333333332,-161.63333333333335,119.11333333333332,-912.2005754420429,179.31599999999997,1270.832575442043,179.4663808111624,173.32489505838763,6.14148575277477,51.21541294474713,28.676827465306012,147.46,1.0
2017-07-12,161.26,177.87,149.75,176.35,1917,180.11785714285716,174.35366666666667,178.53874878522987,171.84504229259082,167.99,0.09073478476001973,28.120000000000005,186.23000000000002,196.11,214.35000000000002,158.11,-159.63,129.99,-875.5026413010282,178.40599999999995,1232.3146413010281,178.98684194737265,173.55348979539053,5.43335215198212,58.61006843844264,28.602533521540202,147.46,-1.0
2017-07-13,176.35,179.3,161.75,167.93,1499,180.01214285714286,175.2023333333333,177.12341877810076,171.58432968062388,169.66,-0.047745959739155075,20.450000000000017,177.57,187.21000000000004,195.12,160.01999999999998,-171.39000000000001,142.46999999999997,-884.2484164189991,177.54549999999995,1239.339416418999,177.2855021586457,173.12917879562528,4.1563233630204195,51.581152159256405,27.514891089736512,149.75,-1.0
2017-07-14,170.24,170.24,152.14,158.85,1181,178.63857142857142,175.60166666666666,174.6857237441304,170.73807548893652,160.41,-0.05407014827606749,18.100000000000023,168.68,178.51,186.78000000000003,150.57999999999998,-161.97,132.47999999999996,-936.616927667912,176.66049999999993,1289.937927667912,174.44886590503282,172.0532512592606,2.3956146457722127,44.86465963107807,26.258933814662893,152.14,0.0
2017-07-15,158.85,158.85,158.85,158.85,1,177.75357142857143,174.74800000000002,172.57336327296747,169.94958716658718,158.85,0.0,29.22,158.85,158.85,158.85,158.85,-158.85,158.85,-981.1248164760871,175.67049999999992,1332.465816476087,172.04875031564535,171.05966136549213,0.9890889501532172,47.17533154630148,26.65391665620947,152.14,-1.0
2017-07-16,136.65,142.58,118.75,129.63,1470,174.6342857142857,173.61166666666668,166.84539441766074,167.28018205340317,130.32000000000002,-0.183947119924457,32.30000000000001,141.89000000000004,154.15000000000003,165.72000000000006,118.06000000000003,-131.01,94.23000000000002,-1235.3383357380294,172.98799999999991,1581.314335738029,165.522121303986,167.94560996593634,-2.42348866195033,37.026770714561486,27.407015321121364,223.19,1.0
2017-07-17,129.63,151.74,129.63,151.05,1788,173.44857142857146,172.68900000000002,164.73864467231385,166.20745693436123,144.14000000000001,0.1652395278870633,25.52000000000001,158.65000000000003,166.25,180.76000000000005,136.54000000000002,-137.23,114.43,-1281.6429958234287,172.35099999999994,1626.3449958234285,163.29544843117208,166.67703879136099,-3.381590360188909,48.08315424147816,27.155329991707042,223.19,1.0
2017-07-18,151.05,165.74,143.04,155.15,1896,171.86571428571432,172.69566666666668,163.45979194934748,165.4777719733508,154.64333333333332,0.027143330023171153,22.700000000000017,166.24666666666664,177.34333333333333,188.94666666666666,143.54666666666662,-154.13666666666668,120.84666666666661,-1295.4785551329803,172.15549999999993,1639.78955513298,162.04221076037254,165.81242767077285,-3.7702169104003076,46.531697898149496,26.56111557597633,219.01239999999999,-1.0
2017-07-19,155.12,169.75,149.82,151.05,1837,169.7835714285715,172.57133333333337,161.8047416527789,164.52708038049136,156.87333333333333,-0.026426039316790217,37.610000000000014,163.92666666666668,176.80333333333334,183.85666666666668,143.99666666666667,-162.69666666666666,124.06666666666666,-1343.8849740317196,171.23749999999995,1686.3599740317195,160.3509966370843,164.7061713259053,-4.355174688820995,44.49171715373546,28.034666423353244,215.001904,1.0
2017-07-20,152.01,196.25,152.01,187.43,4039,168.33214285714288,173.60000000000005,165.2221789288575,166.03415100139298,178.56333333333336,0.24084740152267448,44.24000000000001,205.11666666666673,222.8033333333334,249.35666666666674,160.87666666666672,-169.69666666666663,116.63666666666671,-1366.664651179856,171.70499999999996,1710.074651179856,164.51721555450158,166.40756482567397,-1.890349271172397,48.85921844533032,30.195843114168003,211.15182784,-1.0
2017-07-21,188.49,197.16,179.7,185.71,2174,166.80142857142863,173.61066666666673,167.9543984884109,167.32720870864728,187.5233333333333,-0.009176759323480721,17.460000000000008,195.34666666666664,204.9833333333333,212.80666666666664,177.88666666666663,-189.33666666666667,160.42666666666662,-1386.086966357315,172.42849999999993,1730.943966357315,167.77778855923796,167.85163627773764,-0.0738477184996782,48.58799169804261,28.497413615828336,207.45575472640002,1.0
2017-07-23,197.24,197.95,182.95,190.44,1187,166.92214285714292,173.4736666666667,170.95296385690668,168.84431205267074,190.44666666666663,0.02546981853427388,21.350000000000023,197.94333333333327,205.44666666666666,212.94333333333327,182.94333333333327,-190.45333333333335,167.94333333333327,-1418.2264618313347,173.28549999999993,1764.7974618313347,171.2644134893433,169.5402899773248,1.724123512018508,53.88847514009627,27.54427091552335,203.90752453734402,1.0
2017-07-24,190.55,216.75,188.96,204.3,2668,167.73285714285723,174.11233333333337,175.3998589147332,171.16898171567954,203.33666666666667,0.07277882797731583,27.789999999999992,217.71333333333334,231.1266666666667,245.50333333333333,189.92333333333335,-202.37333333333333,162.13333333333335,-1505.1281778534587,175.11799999999994,1855.3641778534586,176.34697282802054,172.13707012837466,4.20990269964588,55.984832407338494,27.577039388458527,118.75,-1.0
2017-07-25,204.3,212.75,181.1,192.42,3151,169.34571428571437,174.64133333333336,177.66948688629196,172.56085462669213,195.42333333333332,-0.058149779735682916,31.650000000000006,209.74666666666664,227.0733333333333,241.39666666666665,178.09666666666664,-198.42666666666668,146.44666666666663,-1532.4820231368706,175.87349999999995,1884.2290231368704,178.81981269046793,173.65138123113692,5.1684314593310035,59.27116372604515,28.120166809359503,118.75,-1.0
2017-07-26,191.25,199.75,183.25,190.05,1984,171.37214285714296,175.0213333333334,179.32039585110746,173.70521484004172,191.01666666666665,-0.012316806984720818,16.5,198.7833333333333,207.51666666666665,215.2833333333333,182.2833333333333,-191.98333333333335,165.7833333333333,-1549.3684238213161,176.36599999999996,1902.100423821316,180.5475731012835,174.8749758643138,5.672597236969693,61.35949495078763,26.570648030773302,122.67,1.0
2017-07-27,190.05,198.34,189.6,193.06,1317,172.5657142857144,175.3473333333334,181.15251031038397,174.97048912676513,193.66666666666666,0.015837937384898693,15.700000000000017,197.73333333333332,202.40666666666667,206.47333333333333,188.9933333333333,-194.27333333333334,180.2533333333333,-1478.7363289167338,175.63149999999996,1829.9993289167337,182.4725988925621,176.2311298618885,6.241469030673613,58.27792791293393,25.12109597504753,126.4332,-1.0
2017-07-28,193.32,195.15,177.25,182.64,1510,173.61642857142868,175.97566666666674,181.35085796052664,175.47143656056716,185.01333333333332,-0.053972858178804595,26.439999999999998,192.77666666666664,202.9133333333333,210.67666666666665,174.87666666666664,-187.38666666666668,156.97666666666663,-1377.8097366199024,174.40649999999997,1726.6227366199025,182.49835332837475,176.7088339571697,5.789519371205046,57.89406942478672,25.296963758158398,130.045872,-1.0
2017-07-30,184.67,187.12,168.2,168.71,1416,174.3207142857144,176.2973333333334,179.66529466506424,175.03015487307158,174.67666666666665,-0.07627025843188773,18.920000000000016,181.1533333333333,193.59666666666664,200.07333333333332,162.2333333333333,-180.64333333333335,143.31333333333328,-1357.7142226120493,173.40449999999996,1704.523222612049,180.37703897890594,176.11289365232466,4.264145326581286,56.56574575757164,24.446643623179366,133.51403712,1.0
2017-07-31,168.71,177.34,168.71,175.56,1739,175.51428571428582,176.5023333333334,179.11788951551566,175.0647090844764,173.87,0.040602216821765014,14.45999999999998,179.03,182.50000000000003,187.66,170.4,-172.18,161.77,-1314.839313851423,172.53499999999997,1659.9093138514227,179.63594742080974,176.07171887413125,3.5642285466784926,58.31496644597395,23.115012012772358,136.8434756352,1.0
2017-08-01,176.15,184.74,172.86,183.17,2202,179.33857142857156,176.67200000000008,179.65819873855213,175.59293164108217,180.25666666666666,0.04334700387331947,11.879999999999995,187.6533333333333,192.13666666666666,199.5333333333333,175.7733333333333,-177.34333333333336,163.89333333333332,-1325.0973572504959,173.20149999999995,1671.5003572504957,180.1796531801156,176.60012802113377,3.5795251589818236,72.76183261856912,21.616933262286633,140.03973660979202,-1.0
2017-08-02,183.17,184.72,179.75,180.65,943,181.45285714285725,176.98566666666676,179.79044480915425,175.9222858669561,181.70666666666668,-0.013757711415624763,6.319999999999993,183.66333333333336,186.67666666666668,188.63333333333335,178.69333333333336,-182.76333333333332,173.72333333333336,-1313.416315860295,174.14999999999998,1661.7163158602953,180.25201483322408,176.901497130393,3.3505177028310698,65.07871128404453,19.57725112551773,143.10814714540032,1.0
2017-08-03,180.65,190.3,176.87,186.07,997,183.66142857142867,177.4113333333334,180.6277512225189,176.58277732572603,184.41333333333333,0.0300027677830057,13.430000000000007,191.95666666666665,197.84333333333336,205.38666666666666,178.52666666666664,-182.7566666666667,165.09666666666664,-1327.8405378408684,174.636,1677.1125378408683,181.14709579496326,177.58353431730902,3.563561477654247,65.2176004866727,18.75758593657847,146.0538212595843,-1.0
2017-08-04,186.74,190.4,183.79,185.25,960,186.10428571428582,177.99800000000008,181.2440717208013,177.1465847273898,186.48,-0.004406943623367465,6.610000000000014,189.17,193.09,195.78,182.55999999999997,-187.71,175.94999999999996,-1332.8615018659289,175.502,1683.8655018659288,181.77831559816778,178.15365659114,3.6246590070277875,67.27809145972967,17.13785351243144,148.88166840920093,1.0
2017-08-06,190.95,192.85,186.75,188.67,1143,186.19285714285726,178.37666666666672,182.234224259046,177.89578858954286,189.42333333333332,0.018461538461538307,8.0,192.09666666666664,195.5233333333333,198.19666666666663,185.99666666666664,-190.17666666666668,179.89666666666665,-1314.734912046642,176.993,1668.7209120466418,182.83858009753732,178.93548406622358,3.903096031313737,51.94383577930131,15.919437644507333,151.59640167283288,1.0
2017-08-07,186.75,197.75,185.85,194.75,1544,186.83857142857156,178.86166666666674,183.9030363784492,178.99103109264735,192.78333333333333,0.03222557905337364,16.30000000000001,199.71666666666667,204.6833333333333,211.61666666666667,187.81666666666666,-190.81666666666666,175.91666666666666,-1304.0848134338182,178.788,1661.6608134338182,184.67111407613592,180.11088178195078,4.560232294185141,56.013999770371825,15.970180569610783,154.20254560591957,1.0
2017-08-08,194.75,204.63,192.45,202.15,1680,187.67500000000013,178.67500000000007,186.33601795536774,180.4952748691648,199.74333333333334,0.037997432605904935,12.180000000000007,207.0366666666667,211.92333333333335,219.2166666666667,194.85666666666668,-197.33666666666664,182.67666666666668,-1034.596377995741,182.41400000000002,1399.424377995741,187.36018318327535,181.7485074464309,5.611675736844461,57.09419925007321,15.46481213186334,156.70444378168278,-1.0
2017-08-09,202.15,204.92,190.76,197.55,1901,187.19285714285726,178.3553333333334,187.8312438404389,181.60254619257464,197.74333333333334,-0.022755379668562892,14.159999999999997,204.7266666666667,211.9033333333333,218.88666666666668,190.5666666666667,-197.93666666666664,176.4066666666667,-906.5384273195889,184.739,1276.016427319589,188.92785211072064,182.9223722384535,6.005479872267131,47.48369376446146,15.290833890507868,159.10626603041547,1.0
2017-08-10,197.55,204.42,192.85,198.75,1149,187.64500000000012,178.68866666666673,189.2871018583307,182.71538331961318,198.67333333333332,0.0060744115413817745,11.569999999999993,204.49666666666664,210.2433333333333,216.06666666666663,192.92666666666665,-198.59666666666666,181.35666666666665,-777.6635745593588,186.919,1151.501574559359,190.4389557024469,184.09792682564824,6.341028876798646,55.03260120480744,14.794714573107793,161.41201538919884,1.0
2017-08-11,201.25,206.8,196.24,203.27,1077,188.5892857142858,179.03266666666676,191.15151476254903,184.04882950033928,202.10333333333335,0.022742138364779896,11.050000000000011,207.9666666666667,212.66333333333336,218.5266666666667,197.4066666666667,-200.93666666666667,186.8466666666667,-546.4518916223498,189.53,925.5118916223497,192.4129668465545,185.52159888990516,6.891367956649333,59.09632149924031,14.295412203743387,163.62553477363087,-1.0
2017-08-13,201.99,206.42,190.45,195.75,1606,188.78142857142868,179.89633333333342,191.76465367627867,184.80765221014641,197.53999999999996,-0.036995129630540746,15.969999999999999,204.62999999999994,213.50999999999993,220.59999999999994,188.65999999999994,-199.33,172.68999999999994,-553.0456952797888,189.946,932.9376952797888,192.92635751514527,186.2809960012409,6.645361513904362,52.64947737648601,14.518693325530966,165.75051338268565,1.0
2017-08-14,195.75,202.35,190.88,196.52,1311,189.77285714285725,181.05766666666673,192.3987066181671,185.5669461457524,196.58333333333334,0.003933588761175111,11.469999999999999,202.2866666666667,208.05333333333334,213.7566666666667,190.8166666666667,-196.64666666666665,179.3466666666667,-556.8912356651186,190.4865,937.8642356651186,193.47922645783643,187.04105118239372,6.438175275442717,60.421851884248014,14.11219654477582,167.79049284737823,1.0
2017-08-15,196.7,202.95,187.74,200.76,1644,192.062142857143,181.8713333333334,193.51355604520126,186.5515814623091,197.15,0.021575412171789043,40.56999999999999,206.56,212.36,221.76999999999998,191.35000000000002,-193.54,176.14000000000004,-578.5999259462171,191.0025,960.604925946217,194.59934695252107,188.05926724654054,6.540079705980531,76.73321688483999,17.63993629455282,169.7488731334831,1.0
2017-08-16,200.76,233.37,196.2,228.31,2309,195.83000000000013,183.88400000000007,198.15311908920927,189.25708137344492,219.29333333333332,0.13722853157999615,37.170000000000016,242.38666666666666,256.4633333333333,279.5566666666667,205.21666666666664,-210.27666666666667,168.04666666666662,-803.4580593825091,192.20299999999997,1187.864059382509,199.7856070979345,191.0462290301285,8.739378067806001,81.94333256553551,20.243965658375764,171.62891820814377,1.0
2017-08-17,228.31,262.37,226.21,229.4,2740,199.13214285714298,186.23566666666673,202.31939881555812,191.85720377659,239.32666666666668,0.004774210503263099,42.55000000000001,252.44333333333336,275.4866666666667,288.60333333333335,216.28333333333336,-249.25333333333333,180.12333333333336,-1003.3570302663761,194.05199999999996,1391.461030266376,204.34167187836232,193.89203577429882,10.4496361040635,80.17076562518787,23.218124228572655,175.33338311565515,-1.0
2017-08-18,231.51,238.4,215.4,219.82,1588,201.93000000000012,188.26800000000003,204.65282635338264,193.66793710839696,224.54,-0.04176111595466436,71.73999999999998,233.67999999999998,247.54,256.67999999999995,210.67999999999998,-229.26000000000002,187.67999999999998,-1083.8607182876033,195.54049999999998,1474.9417182876034,206.7229550445488,195.81562153955014,10.907333504998661,74.83726102931759,29.68774661003714,182.29631246640275,1.0
2017-08-20,283.4,316.74,278.65,287.14,2470,209.1492857142858,193.51833333333337,215.65117355224567,199.719282748285,294.1766666666667,0.3062505686470749,40.84000000000003,309.7033333333334,332.26666666666677,347.7933333333334,271.61333333333334,-301.2133333333333,233.5233333333333,-1875.466203269769,200.2445,2275.955203269769,219.09481654075182,202.59015954738638,16.504656993365444,84.80761525263001,31.17472148637343,188.70220746909052,-1.0
2017-08-21,288.58,297.4,273.63,275.9,1546,215.62428571428583,197.68,223.68438673390926,204.65009129670864,282.31,-0.03914466810615036,23.769999999999982,290.99,306.08000000000004,314.76,267.22,-288.71999999999997,243.45000000000005,-2241.2242095800784,204.90749999999997,2651.039209580078,227.8340805708507,208.0277785873276,19.8063019835231,80.78255136603104,30.187420824136215,201.50598672218146,1.0
2017-08-22,275.9,298.09,258.4,286.4,2260,222.6050000000001,202.055,232.04650127059233,209.94026084157878,280.9633333333333,0.03805726712577018,39.69,303.52666666666664,320.6533333333333,343.21666666666664,263.83666666666664,-275.52666666666664,224.14666666666665,-2535.8269304506325,210.79199999999997,2957.4109304506323,236.84422641512205,213.840314515362,23.003911899760055,81.2836454116833,31.454436345858554,213.0293880499633,1.0
2017-08-23,286.4,296.42,284.3,289.4,1383,229.3657142857144,206.66666666666666,239.69366040525392,215.0812247460459,290.03999999999996,0.010474860335195624,27.089999999999975,295.7799999999999,302.16,307.8999999999999,283.6599999999999,-290.68000000000006,271.5399999999999,-2781.3663422126133,216.48399999999992,3214.334342212613,244.92973337973766,219.44374276268627,25.485990617051385,80.72580237581899,30.87250952344539,223.40044924496698,1.0
2017-08-24,289.4,312.4,288.85,311.39,1421,237.16857142857154,210.79866666666666,249.25320048792898,221.31116492654732,304.2133333333333,0.07598479612992404,23.549999999999955,319.5766666666666,327.7633333333332,343.12666666666655,296.02666666666664,-297.0366666666667,272.4766666666667,-3148.6517971699877,222.89499999999992,3594.4417971699877,255.15439335261888,226.26180344189825,28.89258991072063,81.67946433554263,29.896172046653533,232.73440432047028,1.0
2017-08-25,311.39,317.62,304.57,311.94,1486,245.3392857142858,215.00633333333332,257.61146174371294,227.17268352329714,311.3766666666666,0.0017662738045538529,57.05000000000001,318.1833333333332,324.4266666666667,331.23333333333323,305.1333333333332,-310.8133333333334,292.0833333333332,-3396.065636714787,229.45949999999993,3854.984636714787,263.8906431100023,232.61457135572093,31.27607175428139,84.21173544907052,33.51669167590938,241.13496388842324,1.0
2017-08-27,395.3,397.55,352.4,361.62,2949,256.9728571428572,220.71233333333333,271.4792975029293,235.86681940694197,370.52333333333337,0.159261396422389,45.150000000000034,388.64666666666676,415.6733333333334,433.7966666666668,343.4966666666667,-379.4266666666666,298.3466666666667,-3988.8925327422276,238.23699999999994,4465.366532742228,278.92593254376993,242.1792207846957,36.74671175907423,86.89917003674358,35.06780288158062,250.31316822181245,-1.0
2017-08-28,360.4,366.65,345.08,355.29,1904,267.83142857142866,225.74533333333332,282.6540792466096,243.5882531008428,355.67333333333335,-0.017504562800729984,21.569999999999993,366.2666666666667,377.2433333333333,387.8366666666667,344.6966666666667,-356.0566666666666,323.1266666666667,-4340.9709668109845,246.73899999999995,4834.448966810984,290.67425309889063,250.56485288847384,40.109400210416794,84.86603301572072,33.268092382481115,270.92632467075873,1.0
2017-08-29,355.29,368.06,349.81,357.23,1645,279.3657142857143,231.239,292.5975518584182,250.93485390403262,358.3666666666666,0.005460328182611329,20.79000000000002,366.92333333333323,376.6166666666666,385.17333333333323,348.67333333333323,-359.5033333333334,330.42333333333323,-4596.82145909943,255.16699999999992,5107.155459099429,300.913600608553,258.4721354255984,42.44146518295457,88.59906129609425,31.604343968792545,288.6536392168525,1.0
2017-08-30,357.23,374.07,355.4,370.6,1582,291.80000000000007,237.25733333333335,302.9978932446267,258.66983706832457,366.69000000000005,0.03742686784424598,22.860000000000014,377.98000000000013,385.36,396.65000000000015,359.3100000000001,-362.7799999999999,340.6400000000001,-4862.0806106449645,263.95949999999993,5389.999610644964,311.6345867538878,266.7838991518221,44.850687602065705,89.02491970079994,30.438429761730696,303.8991297264932,1.0
2017-08-31,371.4,382.33,368.4,378.26,1337,304.47857142857146,243.43066666666667,313.0328533279797,266.39902710804114,376.3299999999999,0.020669185105234744,23.600000000000023,384.2599999999999,390.2599999999999,398.1899999999999,370.32999999999987,-374.40000000000003,356.39999999999986,-5099.800511331922,272.765,5645.330511331923,321.88465164366175,275.04690737065937,46.837744273002386,89.01381643275002,29.52663798961317,317.01025156478414,1.0
2017-09-01,378.27,392.91,372.82,392.0,1531,316.1707142857143,250.40933333333334,323.56181759874437,274.5157701639122,385.91,0.03632422143499192,39.72000000000003,399.00000000000006,406.00000000000006,419.0900000000001,378.91,-379.82,358.82,-5294.971097612829,282.48749999999995,5859.946097612829,332.6716294834633,283.71546066774283,48.956168815720446,87.61916476535136,30.885754393452554,328.28581634571435,-1.0
2017-09-03,342.97,370.5,327.33,353.19,1568,325.0128571428572,256.5586666666666,327.5122456197253,279.59941001362466,350.34,-0.09900510204081636,62.68000000000001,373.34999999999997,393.50999999999993,416.52,330.17999999999995,-347.49,287.00999999999993,-5189.717827930226,290.20949999999993,5770.136827930226,335.82830216023365,288.8646715799433,46.96363058029033,77.79581601883454,35.12499111236553,397.55,-1.0
2017-09-04,353.19,353.19,288.0,307.82,2143,331.29857142857145,260.9673333333333,324.88661073866297,281.4227382201132,316.33666666666664,-0.1284577706050568,65.19,344.6733333333333,381.52666666666664,409.8633333333333,279.4833333333333,-324.85333333333335,214.2933333333333,-4939.7620126143165,295.4369999999999,5530.636012614316,331.51933226261156,290.26951488464334,41.24981737796821,70.88382498904997,39.13366221870965,397.55,1.0
2017-09-05,307.82,331.88,277.0,323.8,2079,333.9171428571429,265.655,324.74172920489525,284.16047033355807,310.8933333333334,0.05191345591579499,69.86000000000001,344.78666666666675,365.7733333333333,399.66666666666674,289.90666666666675,-297.9866666666666,235.02666666666676,-4603.161746997939,301.83949999999993,5206.840746997939,330.33174260573827,292.75447454450205,37.577268061236225,60.61933524254843,43.230510138965656,393.168,1.0
2017-09-06,326.14,350.48,317.66,346.86,1936,338.9857142857143,271.1953333333333,327.6908337760306,288.21074307380803,338.3333333333333,0.07121680049413226,32.81999999999999,359.0066666666666,371.15333333333325,391.8266666666666,326.1866666666666,-329.80666666666673,293.3666666666666,-4232.576915123164,309.35649999999987,4851.289915123164,332.87455157695877,296.7641140061067,36.11043757085207,67.49037895606568,41.84244127394981,386.19792,-1.0
2017-09-07,345.99,349.66,328.0,344.13,1704,343.10928571428576,276.46399999999994,329.8827237643509,291.8227266263568,340.59666666666664,-0.007870610620999918,22.650000000000034,353.19333333333327,362.25666666666666,374.8533333333333,331.53333333333325,-337.0633333333334,309.8733333333332,-3772.82974829489,316.52499999999986,4405.87974829489,334.60615910809634,300.27417561279213,34.3319834953042,65.04557148194311,39.28344775161061,379.6460448,-1.0
2017-09-08,344.13,369.5,293.66,327.01,2433,345.7957142857144,281.1893333333333,329.49969375365697,294.0953981694989,330.0566666666667,-0.04974864150175806,75.83999999999997,366.4533333333333,405.8966666666666,442.2933333333333,290.61333333333334,-333.10333333333335,214.77333333333337,-3417.2592619798324,321.45999999999987,4060.1792619798325,333.4375191988059,302.2553792066542,31.18213999215169,60.32222466927488,44.15765695069726,373.487282112,-1.0
2017-09-10,321.33,325.52,292.0,320.11,869,346.41857142857145,285.5706666666666,328.24773408950324,295.77550570721456,312.54333333333335,-0.021100272162930755,33.51999999999998,333.0866666666667,346.0633333333333,366.6066666666667,299.5666666666667,-304.97666666666663,266.04666666666674,-2988.9886764119674,325.9954999999999,3640.9796764119674,331.3871315607162,303.5784211586584,27.80871040205784,54.26376966882839,42.73930212754971,369.5,-1.0
2017-09-11,320.11,329.45,311.39,313.45,1207,346.52642857142865,289.52733333333333,326.27470219875386,296.91690538146975,318.09666666666664,-0.020805348161569537,18.060000000000002,324.8033333333333,336.15666666666664,342.8633333333333,306.7433333333333,-322.74333333333334,288.6833333333333,-2334.3093483195603,330.67699999999985,2995.6633483195596,328.62757278044086,304.3098936357344,24.31767914470646,52.59918750952459,39.44872737843091,363.95,1.0
2017-09-12,315.25,327.82,313.2,323.14,928,343.7778571428572,293.5603333333333,325.8567417809617,298.6102580744868,321.3866666666667,0.030914021375019862,33.04000000000002,329.57333333333344,336.0066666666667,344.19333333333344,314.95333333333343,-319.63333333333327,300.3333333333334,-2209.5307469213153,332.47699999999986,2874.484746921315,327.78333079386533,305.7051480065385,22.078182787326853,42.43275182257835,38.59423013985125,358.733,-1.0
2017-09-13,322.56,323.74,280.08,294.78,1567,339.45571428571435,296.8013333333334,321.7131751393968,298.36293421713475,299.5333333333333,-0.08776381754038498,87.55000000000001,318.9866666666666,343.1933333333333,362.64666666666665,275.3266666666666,-304.2866666666667,231.66666666666657,-2086.709063467015,333.4209999999999,2753.5510634670145,322.70589518353734,304.8956458842797,17.810249299257634,37.97425242293444,45.1216678080084,353.82902,-1.0
2017-09-14,295.81,298.91,234.05,236.19,1802,330.81,298.0493333333334,310.31008256695327,294.34858195639845,256.3833333333334,-0.19875839609200074,64.86000000000001,278.71666666666675,321.2433333333334,343.57666666666677,213.85666666666674,-276.57666666666665,148.99666666666673,-2541.583683681841,330.91049999999984,3203.404683681841,309.39575723324015,299.80498847624955,9.590768756990599,28.825046335935596,47.7534460230251,349.21927880000004,1.0
2017-09-15,236.19,297.31,215.99,281.77,1965,324.46500000000003,300.66600000000005,306.5047374860745,293.53645583379915,265.0233333333333,0.19298022778271728,94.82,314.0566666666666,346.34333333333325,395.3766666666666,232.73666666666662,-248.2766666666667,151.41666666666663,-2582.017819403668,330.5289999999999,3243.075819403668,305.14564067374187,298.4687352155659,6.676905458175952,39.70583250726876,54.02898777137257,340.00573649600005,1.0
2017-09-17,298.2,312.16,274.13,310.81,3165,319.6471428571429,304.5013333333334,307.07877258449554,294.6516548386056,299.03333333333336,0.10306278170138783,55.56,323.9366666666667,337.0633333333334,361.96666666666675,285.9066666666667,-287.25666666666666,247.87666666666667,-2583.347157597109,330.4999999999999,3244.347157597109,306.0170805808592,299.38311091607756,6.6339696647816595,44.222385243625936,54.23312276952919,327.6041628464001,1.0
2017-09-18,310.83,341.0,310.83,329.69,7294,315.19642857142856,308.94033333333334,310.0936033460975,296.9136672053605,327.17333333333335,0.06074450629001649,30.170000000000016,343.5166666666667,357.3433333333334,373.6866666666667,313.3466666666667,-324.65666666666664,283.1766666666667,-2561.628443388466,331.38749999999993,3224.403443388466,309.6590682218899,301.628538472263,8.030529749626908,45.43385429929053,51.02470593250082,215.99,-1.0
2017-09-19,329.71,332.02,315.8,321.85,9641,312.9578571428572,312.9766666666667,311.66112309801053,298.5234441551984,323.22333333333336,-0.023779914465103524,24.19999999999999,330.6466666666667,339.4433333333333,346.8666666666667,314.42666666666673,-324.59666666666664,298.20666666666676,-2510.6812759218915,329.39899999999994,3169.4792759218913,311.5345962043489,303.1267166080178,8.4078795963311,48.69161452052977,47.44807802291972,215.99,1.0
2017-09-20,321.86,348.0,313.32,340.0,10449,315.25642857142867,316.6996666666667,315.4396404320428,301.2008777931037,333.7733333333333,0.05639272953239072,34.68000000000001,354.22666666666663,368.4533333333333,388.90666666666664,319.5466666666666,-327.5466666666667,284.8666666666666,-2477.504845831337,328.63449999999995,3134.7738458313374,315.9138891287766,305.85856410242593,10.055325026350658,58.05471967133009,45.74566743344107,220.99040000000002,-1.0
2017-09-21,340.0,365.01,314.63,326.42,11319,315.4435714285715,319.93366666666674,316.9036885133818,302.82878636058564,335.35333333333335,-0.03994117647058815,50.379999999999995,356.0766666666667,385.73333333333335,406.4566666666667,305.6966666666667,-344.28666666666663,255.31666666666672,-2426.9966738177245,327.09399999999994,3081.1846738177246,317.53021388843564,307.3818880571939,10.14832583124172,53.395725820177155,46.363578500958106,228.61097600000002,1.0
2017-09-22,326.44,355.06,324.19,338.36,11424,314.83642857142866,323.8850000000001,319.7645302802366,305.1222672718453,339.2033333333334,0.03657864101464381,30.870000000000005,354.21666666666675,370.0733333333333,385.08666666666676,323.34666666666675,-340.0466666666666,292.47666666666674,-2315.252412278631,325.4819999999999,2966.2164122786307,320.7347963843167,309.67691822190346,11.05787816241326,51.66075698873629,44.2977678642497,239.52289792000002,1.0
2017-09-23,338.38,338.38,338.38,338.38,1,314.4257142857144,325.5930000000001,322.2465930864692,307.2689296116404,338.38,5.910864168345853e-05,10.129999999999995,338.38,338.38,338.38,338.38,-338.38,338.38,-2139.3577145308714,323.48799999999994,2786.333714530871,323.44944310673554,311.8033771646414,11.64606594209414,52.10455261083883,39.74206515760203,249.56186608640002,-1.0
2017-09-24,348.19,355.16,328.0,328.25,11213,314.5142857142858,327.3380000000001,323.04704739105813,308.6231384772998,337.1366666666667,-0.029936757491577537,27.160000000000025,346.2733333333334,364.29666666666674,373.43333333333345,319.1133333333334,-346.0233333333333,291.9533333333334,-1783.4565149864688,320.30049999999994,2424.0575149864685,324.1879903239186,313.021807198594,11.166183125324608,53.247961024508115,38.064456366280304,258.797716799488,1.0
2017-09-25,329.0,347.87,328.25,344.35,10841,316.24571428571437,329.2696666666668,325.88744122433087,310.92903936614505,340.1566666666667,0.04904798172124902,19.620000000000005,352.0633333333334,359.77666666666664,371.6833333333334,332.4433333333334,-335.9633333333333,312.8233333333334,-1742.9427649212853,319.85849999999994,2382.659764921285,327.28983797646646,315.34269922419594,11.947138752270519,56.91874594243047,35.605195385769086,267.294699455529,-1.0
2017-09-26,344.33,350.0,336.8,341.04,11266,318.2164285714287,330.99100000000016,327.9077824881702,312.8724247379381,342.6133333333333,-0.009612313053579236,13.550000000000011,348.42666666666656,355.8133333333332,361.62666666666655,335.2266666666666,-344.1866666666667,322.0266666666666,-1761.4507449814619,321.5195,2404.4897449814616,329.4052475243617,317.2464195562165,12.158827968145204,57.61156092929068,32.66450253120927,275.1119234990867,1.0
2017-09-27,341.0,350.75,334.36,350.35,9557,320.16000000000014,332.28966666666685,330.9000782767524,315.2911976185518,345.15333333333336,0.027298850574712707,16.389999999999986,355.9466666666667,361.5433333333334,372.3366666666667,339.55666666666673,-339.95666666666665,323.16666666666674,-1823.0289929788808,322.847,2468.722992978881,332.62751714349093,319.69879494732464,12.92872219616629,57.444258956226676,30.49456877311527,282.30376961915977,-1.0
2017-09-28,350.35,350.35,336.8,338.05,11000,323.2507142857144,333.16000000000014,331.85340120641246,316.759998718745,341.73333333333335,-0.03510774939346373,27.680000000000007,346.6666666666667,355.28333333333336,360.2166666666667,333.1166666666667,-345.4166666666667,319.56666666666666,-1795.9065358920948,322.4065,2440.719535892095,333.46174527690295,321.05827606333247,12.403469213570474,60.94800602006376,30.11929292362008,288.920268049627,-1.0
2017-09-29,338.04,341.78,318.0,322.67,11668,329.4278571428573,331.8616666666668,330.62894767523744,317.14140846358697,327.48333333333335,-0.04549622836858447,29.25999999999999,336.9666666666667,351.2633333333333,360.74666666666667,313.1866666666667,-332.2966666666666,289.40666666666675,-1757.3128219489115,321.3335,2399.9798219489116,331.80147676999997,321.17767380415944,10.623802965840525,74.1036551629231,30.004720530343214,295.0074466056568,-1.0
2017-10-01,325.51,327.3,311.3,312.52,9606,331.6242857142858,330.4360000000001,328.2144212553289,316.8431657819254,317.03999999999996,-0.03145628660860955,23.650000000000034,322.7799999999999,333.0399999999999,338.7799999999999,306.7799999999999,-321.56000000000006,290.7799999999999,-1760.8641661284669,320.60900000000004,2402.0821661284667,328.8350957242827,320.5363110037526,8.298784720530136,60.74302144724217,29.157424437449308,300.60765087720426,-1.0
2017-10-02,312.52,318.93,301.78,303.65,10703,331.1128571428572,328.65000000000015,324.9391650136408,315.99176066411985,308.11999999999995,-0.02838218354025346,26.660000000000025,314.4599999999999,325.27,331.60999999999996,297.3099999999999,-312.59000000000003,280.15999999999985,-1783.6978532995004,319.786,2423.2698532995005,324.9604656082361,319.2853762987032,5.675089309532893,48.56587123709681,28.824434504901,301.78,-1.0
2017-10-03,303.65,306.34,287.31,292.27,13720,328.44000000000005,326.0390000000001,320.5832762595036,314.4609323639413,295.3066666666666,-0.03747735880125147,19.029999999999973,303.3033333333332,314.33666666666653,322.3333333333332,284.27333333333326,-298.34333333333336,265.2433333333333,-1839.5828641005528,318.727,2477.0368641005525,319.93116320189654,317.28409384308236,2.6470693588141785,37.592013251792764,27.518509878568555,365.01,1.0
2017-10-04,292.28,313.71,289.53,301.68,13063,326.99928571428575,323.48633333333345,318.06283938195065,313.6361584432691,301.64,0.032196256885756336,24.180000000000007,313.75,325.81999999999994,337.93,289.57,-301.59999999999997,265.39,-1859.9054284225367,317.654,2495.2134284225367,317.12329193766993,316.12815831007134,0.9951336275985909,43.917377149297515,27.07337522050692,365.01,1.0
2017-10-05,301.68,305.67,290.02,305.19,11171,324.5128571428572,320.5926666666668,316.34646077234066,313.0911228155741,300.29333333333335,0.011634844868735117,15.650000000000034,310.5666666666667,315.9433333333334,326.21666666666675,294.9166666666667,-295.39666666666665,279.26666666666665,-1830.3567894824778,318.17449999999997,2466.705789482478,315.28740086901036,315.3178745595034,-0.030473690493067807,37.85754228550464,25.55025850194377,361.902,-1.0
2017-10-06,305.19,310.5,302.0,302.42,8882,322.79857142857145,318.90033333333344,314.48959931226045,312.40251887478735,304.97333333333336,-0.00907631311641921,10.5,307.9466666666667,313.47333333333336,316.4466666666667,299.4466666666667,-307.52666666666664,290.9466666666667,-1216.2791831295526,321.486,1859.2511831295524,313.3078007341069,314.3624220698761,-1.0546213357692409,40.90550035469809,23.543557342665146,358.91832,-1.0
2017-10-08,307.89,312.99,298.52,300.0,7035,320.0585714285715,318.6396666666668,312.5576527158604,311.60219936287814,303.83666666666664,-0.008002116262152081,32.139999999999986,309.1533333333333,318.3066666666666,323.62333333333333,294.6833333333333,-307.67333333333335,280.21333333333325,-1086.0740940233054,322.39750000000004,1730.8690940233055,311.260446773955,313.29848289061925,-2.038036116664273,33.89017664388786,24.68974970969172,356.0539872,-1.0
2017-10-09,300.01,300.01,278.73,280.85,7234,315.9492857142858,317.2080000000002,308.3299656464326,309.6178223280313,286.53000000000003,-0.0638333333333333,21.279999999999973,294.33000000000004,307.80999999999995,315.61,273.05000000000007,-292.21,251.7700000000001,-1261.5786696880493,320.89950000000005,1903.3776696880493,306.5819164989921,310.8947742871697,-4.31285778817761,28.712333592001244,24.23511641069515,353.304227712,1.0
2017-10-10,280.85,290.69,278.0,285.1,8702,312.86714285714294,315.1493333333335,305.23263686776664,308.03575573004275,284.59666666666664,0.0151326330781556,17.75999999999999,291.19333333333327,297.28666666666663,303.88333333333327,278.5033333333333,-284.09333333333336,265.8133333333333,-1377.1912024069197,318.6700000000001,2014.5312024069199,303.27700626715455,308.98396394233225,-5.706957675177705,33.51308382125938,23.371767548741996,348.82977404928,1.0
2017-10-11,285.11,300.0,283.0,295.76,9842,309.39642857142866,313.5370000000002,303.9696186096103,307.24364427328027,292.92,0.037390389337074614,17.0,302.84000000000003,309.9200000000001,319.84000000000003,285.84000000000003,-290.08,268.84000000000003,-1425.5245745594777,317.36550000000005,2060.2555745594777,302.1205437641531,308.00437008128813,-5.883826317135004,31.536334063090486,22.522198536107947,343.16339212533757,-1.0
2017-10-12,295.76,297.55,288.0,288.1,8657,305.6150000000001,312.2400000000002,301.8536694484194,306.00838486101964,291.2166666666667,-0.0258993778739518,17.80000000000001,294.4333333333334,300.76666666666665,303.9833333333334,284.8833333333334,-294.3333333333333,275.33333333333337,-1448.2194530708337,314.7705000000001,2077.760453070834,299.96353703063477,306.5299151896448,-6.566378159010014,30.278609923232985,21.89257206068632,337.95032075531054,1.0
2017-10-13,288.11,305.8,285.13,305.8,8245,302.43285714285724,311.76300000000015,302.37984685815087,305.99493878660246,298.91,0.061437001041305006,20.670000000000016,312.69000000000005,319.58000000000004,333.36000000000007,292.02000000000004,-292.02,271.35,-1441.936426930518,313.7395000000001,2069.415426930518,300.8614544107385,306.4758454587437,-5.6143910480052455,35.65723271527912,21.72956245171063,333.1542950948857,-1.0
2017-10-15,313.61,313.61,292.3,300.8,8725,299.77214285714297,311.34133333333347,302.1692006094072,305.659737372737,302.2366666666667,-0.01635055591890122,21.310000000000002,312.17333333333335,323.5466666666667,333.48333333333335,290.86333333333334,-303.67333333333335,269.55333333333334,-1394.3246553054946,311.8615000000001,2018.047655305495,300.85199988600766,306.0553985004316,-5.203398614423918,37.23553626495476,21.67362079121957,328.74195148729484,-1.0
2017-10-16,304.5,306.92,296.88,298.44,8282,298.04142857142864,310.51800000000014,301.6719738594605,305.1938905661973,300.74666666666667,-0.007845744680851086,10.75,304.61333333333334,310.78666666666675,314.65333333333336,294.5733333333333,-303.05333333333334,284.5333333333333,-1335.8157628447725,309.8645000000001,1955.5447628447728,300.4809229804084,305.4912775631695,-5.010354582761067,40.86641863464387,20.21713801312309,324.68259536831124,-1.0
2017-10-17,298.44,300.0,295.1,296.17,9103,296.87357142857155,310.5643333333335,300.9383773422755,304.6116370819668,297.09000000000003,-0.007606219005495185,6.069999999999993,299.08000000000004,301.99,303.98,294.18000000000006,-298.01,289.2800000000001,-1316.6478668781488,308.2605000000001,1933.168866878149,299.8177040602555,304.80079290121637,-4.983088840960875,43.55690393084773,18.330852938046405,320.94798773884634,-1.0
2017-10-18,296.17,296.17,280.3,293.93,8118,296.17928571428587,312.48900000000015,300.0039270271126,303.9224250189299,290.1333333333334,-0.007563223824155085,15.870000000000005,299.96666666666675,306.0033333333334,315.83666666666676,284.09666666666675,-286.33666666666664,268.22666666666674,-1187.073942657314,305.7395000000001,1798.5529426573144,298.9119034354967,303.99552775581395,-5.083624320317256,46.212700474619126,18.002739211969487,317.5121487197386,-1.0
2017-10-19,293.85,295.6,287.06,289.92,10721,296.01142857142867,312.7606666666668,298.6594034199318,303.0189517839763,290.85999999999996,-0.013642704045180754,11.420000000000016,294.6599999999999,299.40000000000003,303.19999999999993,286.1199999999999,-291.80000000000007,277.57999999999987,-1056.7844604957377,303.1835000000001,1663.1514604957379,297.52853367605496,302.9528706216352,-5.424336945580251,49.68066838355051,17.125040648045818,314.3511768221595,-1.0
2017-10-20,289.93,297.5,282.51,284.18,7070,294.76142857142867,311.87300000000016,296.72881629283677,301.8034210380753,288.06333333333333,-0.01979856512141287,24.0,293.6166666666667,303.0533333333333,308.6066666666667,278.62666666666667,-291.94666666666666,263.63666666666666,-772.0132648508228,299.8750000000001,1371.763264850823,295.474913110339,301.56225618549524,-6.087343075156241,41.14990497623289,18.04170189707997,311.4430826763868,-1.0
2017-10-22,273.85,279.9,267.06,273.5,9204,292.49785714285724,310.0000000000001,293.6316407809556,299.9772329476398,273.4866666666667,-0.0375818143430221,12.839999999999975,279.91333333333336,286.32666666666665,292.75333333333333,267.0733333333334,-273.4733333333333,254.2333333333334,-610.3343041039209,296.6475000000001,1203.629304103921,292.0941572469745,299.48352704384007,-7.389369796865594,34.41237666386231,17.34814164275439,308.7676360622758,1.0
2017-10-23,273.5,289.5,261.16,277.5,10286,290.7178571428572,308.52166666666676,291.4807553397815,298.52696933203003,276.05333333333334,0.014625228519195677,28.339999999999975,290.94666666666666,304.39333333333326,319.28666666666663,262.6066666666667,-274.6066666666667,234.2666666666667,-532.5485046325321,294.38900000000007,1121.326504632532,289.84890228576916,297.85508608150485,-8.006183795735694,38.18884785572453,18.813722759584003,304.59687245604823,1.0
2017-10-24,277.5,297.96,268.5,289.25,10895,289.9500000000001,306.8300000000001,291.1833212940323,297.9284090218642,285.2366666666667,0.042342342342342354,29.45999999999998,301.97333333333336,314.6966666666667,331.43333333333334,272.5133333333334,-281.2233333333333,243.0533333333334,-463.7500007977113,293.2255000000001,1050.2010007977115,289.75676347256933,297.2176608621685,-7.460897389599154,46.06602720853512,20.233226393763363,299.38444776132246,-1.0
2017-10-25,289.27,294.54,282.5,283.4,6620,290.1321428571429,305.3960000000001,290.14554512014894,296.991024685481,286.81333333333333,-0.020224719101123667,12.04000000000002,291.12666666666667,298.85333333333335,303.1666666666667,279.08666666666664,-290.2266666666667,267.0466666666666,-457.4761393885715,292.2130000000001,1041.9021393885716,288.77879986136355,296.194113425506,-7.415313564142423,52.20111281306961,19.140796206511666,297.96,-1.0
2017-10-26,283.42,289.24,279.5,282.54,9323,289.9492857142858,303.5353333333334,289.1314724363228,296.05863758710586,283.76,-0.003034580098800088,9.740000000000009,288.02,293.5,297.76,278.28,-284.98,268.53999999999996,-477.63513737179994,291.7265000000001,1061.0881373718003,287.8189844980426,295.1826820595755,-7.363697561532888,49.40500516320125,17.887356710901457,294.54,-1.0
2017-10-27,281.11,284.5,274.7,279.5,8830,288.7878571428572,301.5726666666668,287.8472761102289,294.99027093755603,279.56666666666666,-0.01075953847242872,9.800000000000011,284.43333333333334,289.3666666666666,294.23333333333335,274.6333333333333,-279.6333333333333,264.8333333333333,-484.3680884888577,290.6175000000001,1065.603088488858,286.5391407290743,294.0209853627215,-7.481844633647199,41.01136428257819,16.809042481731,290.5344,-1.0
2017-10-29,270.94,282.5,270.68,278.53,7647,288.10428571428577,299.9153333333335,286.6049726278164,293.92825525019236,277.2366666666667,-0.0034704830053667868,11.819999999999993,283.79333333333335,289.0566666666667,295.61333333333334,271.97333333333336,-275.9433333333333,260.15333333333336,-463.28440685743544,289.2845000000001,1041.8534068574356,285.30696523226214,292.8734898339578,-7.566524601695676,44.465736310814705,16.143836816938688,287.009472,1.0
2017-10-30,278.53,286.16,278.37,282.5,6122,286.44000000000005,297.8536666666668,286.05764294370715,293.19090772099224,282.34333333333336,0.014253401787958309,9.660000000000025,286.3166666666667,290.1333333333333,294.10666666666674,278.5266666666667,-282.18666666666667,270.7366666666667,-430.82571515294546,288.2885000000001,1007.4027151529457,284.8751244272894,292.10507379739755,-7.229949370108159,32.50627960667008,15.279325240714414,286.16,-1.0
