2017.05.15,04:00,86.90,87.30,86.60,86.70,27
2017.05.15,08:00,86.70,89.31,85.10,88.45,110
2017.05.15,12:00,88.45,89.45,84.76,86.95,110
2017.05.15,16:00,86.95,88.46,86.52,86.65,166
2017.05.15,20:00,86.64,93.81,86.64,92.85,238
2017.05.16,00:00,93.54,93.54,88.56,88.56,165
2017.05.16,04:00,88.56,90.64,87.32,87.32,142
2017.05.16,08:00,86.76,89.10,86.00,86.85,199
2017.05.16,12:00,86.95,88.93,86.85,87.85,100
2017.05.16,16:00,87.80,88.55,86.85,87.66,219
2017.05.16,20:00,87.37,88.14,86.03,87.06,158
2017.05.17,00:00,87.06,87.28,85.51,87.15,197
2017.05.17,04:00,87.06,91.14,79.73,81.65,359
2017.05.17,08:00,82.64,86.60,81.41,85.15,114
2017.05.17,12:00,85.15,86.77,85.15,85.44,22
2017.05.17,16:00,85.44,85.95,84.44,85.28,135
2017.05.17,20:00,84.75,84.87,83.78,84.20,80
2017.05.18,00:00,84.21,86.76,84.20,84.74,175
2017.05.18,04:00,84.85,86.65,84.40,86.56,108
2017.05.18,08:00,86.35,89.40,86.35,88.05,185
2017.05.18,12:00,88.05,89.70,87.58,88.55,125
2017.05.18,16:00,88.41,91.46,87.89,91.18,133
2017.05.18,20:00,91.46,92.03,90.82,91.25,143
2017.05.19,00:00,92.11,93.06,89.03,91.38,197
2017.05.19,04:00,91.39,92.30,90.08,90.55,155
2017.05.19,08:00,91.15,91.85,86.17,89.75,148
2017.05.19,12:00,89.80,95.63,89.80,93.41,209
2017.05.19,16:00,93.41,102.31,92.94,99.39,385
2017.05.19,20:00,99.65,99.65,97.64,97.84,65
2017.05.21,20:00,101.15,101.48,98.65,99.85,150
2017.05.22,00:00,99.85,101.54,97.65,98.15,116
2017.05.22,04:00,97.90,99.34,97.30,98.03,242
2017.05.22,08:00,97.60,99.87,93.65,99.87,127
2017.05.22,12:00,99.95,144.65,99.87,131.75,288
2017.05.22,16:00,131.64,135.85,119.65,121.16,241
2017.05.22,20:00,120.76,125.04,111.65,114.65,183
2017.05.23,00:00,111.65,133.16,111.65,128.13,193
2017.05.23,04:00,128.53,137.66,128.53,130.85,164
2017.05.23,08:00,130.85,135.21,125.85,132.24,156
2017.05.23,12:00,132.24,133.57,126.99,131.65,118
2017.05.23,16:00,132.09,134.61,128.35,130.74,135
2017.05.23,20:00,131.67,135.54,127.10,131.16,223
2017.05.24,00:00,131.70,149.82,131.70,144.15,486
2017.05.24,04:00,144.15,148.35,139.90,146.18,306
2017.05.24,08:00,146.69,147.00,141.59,143.09,197
2017.05.24,12:00,142.89,147.68,136.25,143.25,207
2017.05.24,16:00,143.25,148.64,143.25,144.73,141
2017.05.24,20:00,144.73,148.25,139.31,139.52,268
2017.05.25,00:00,139.25,140.94,124.25,132.92,323
2017.05.25,04:00,127.25,137.15,122.05,133.07,305
2017.05.25,08:00,132.73,135.22,129.25,131.44,223
2017.05.25,12:00,131.44,138.46,127.25,138.46,267
2017.05.25,16:00,138.46,138.47,110.07,120.31,508
2017.05.25,20:00,120.31,127.24,112.75,114.55,352
2017.05.26,00:00,114.32,130.25,114.32,129.25,297
2017.05.26,04:00,129.35,132.25,127.13,131.32,207
2017.05.26,08:00,131.32,134.26,126.76,132.22,289
2017.05.26,12:00,132.22,132.22,119.25,124.31,227
2017.05.26,16:00,124.34,126.93,103.95,108.09,431
2017.05.26,20:00,108.09,112.68,104.25,105.58,119
2017.05.28,20:00,98.02,103.15,97.25,102.03,170
2017.05.29,00:00,102.10,103.90,98.77,99.25,120
2017.05.29,04:00,99.25,110.25,98.00,103.75,201
2017.05.29,08:00,103.75,107.35,103.75,105.52,152
2017.05.29,12:00,105.52,108.43,105.25,107.45,201
2017.05.29,16:00,108.07,116.25,107.38,111.23,328
2017.05.29,20:00,111.23,116.66,110.25,113.15,287
2017.05.30,00:00,113.15,115.25,110.68,114.24,162
2017.05.30,04:00,114.24,116.25,112.84,114.87,256
2017.05.30,08:00,114.87,119.31,112.05,116.81,325
2017.05.30,12:00,116.81,118.75,111.32,113.25,256
2017.05.30,16:00,113.25,119.81,113.25,117.30,292
2017.05.30,20:00,117.30,123.83,111.95,117.34,354
2017.05.31,00:00,117.34,119.24,110.25,110.25,268
2017.05.31,04:00,113.13,115.58,109.27,115.25,202
2017.05.31,08:00,115.25,119.92,114.51,119.25,197
2017.05.31,12:00,118.45,134.24,118.14,132.84,399
2017.05.31,16:00,132.84,138.34,127.47,127.60,413
2017.05.31,20:00,127.99,136.04,127.47,129.60,231
2017.06.01,00:00,129.60,139.56,129.60,136.21,291
2017.06.01,04:00,136.21,144.22,136.21,137.26,345
2017.06.01,08:00,137.45,141.53,132.45,136.60,259
2017.06.01,12:00,136.25,136.51,127.26,130.44,345
2017.06.01,16:00,130.44,133.26,123.65,132.25,263
2017.06.01,20:00,131.97,136.37,129.67,129.86,160
2017.06.02,00:00,129.86,134.72,129.86,134.05,227
2017.06.02,04:00,134.05,136.85,134.05,135.32,249
2017.06.02,08:00,135.32,139.11,134.57,136.00,206
2017.06.02,12:00,135.95,136.92,129.25,132.00,190
2017.06.02,16:00,133.39,138.28,130.93,136.64,152
2017.06.02,20:00,136.64,140.46,136.64,140.46,145
2017.06.04,00:00,138.64,138.64,135.81,137.28,207
2017.06.04,04:00,137.39,138.29,134.93,134.93,345
2017.06.04,08:00,134.93,138.18,134.93,136.85,189
2017.06.04,12:00,136.85,140.86,136.85,137.55,172
2017.06.04,16:00,137.55,140.25,137.46,138.97,170
2017.06.04,20:00,138.27,141.24,137.55,140.99,140
2017.06.05,00:00,140.99,143.58,140.60,140.68,91
2017.06.05,04:00,141.85,141.95,138.64,138.75,127
2017.06.05,08:00,139.85,141.04,136.89,139.39,161
2017.06.05,12:00,139.39,140.59,138.05,139.04,221
2017.06.05,16:00,139.06,142.15,138.55,140.12,154
2017.06.05,20:00,139.96,142.25,139.44,140.70,238
2017.06.06,00:00,140.14,140.38,114.36,137.74,614
2017.06.06,04:00,137.04,145.22,134.09,141.45,360
2017.06.06,08:00,141.45,145.75,141.45,144.77,208
2017.06.06,12:00,144.77,144.77,141.45,142.48,228
2017.06.06,16:00,142.48,144.84,137.27,142.65,322
2017.06.06,20:00,142.65,143.95,139.96,142.58,230
2017.06.07,00:00,142.58,145.74,142.58,144.90,136
2017.06.07,04:00,144.19,146.80,141.25,142.60,188
2017.06.07,08:00,142.63,149.24,142.63,148.25,235
2017.06.07,12:00,149.24,151.91,145.11,145.11,253
2017.06.07,16:00,145.11,147.14,143.94,145.01,168
2017.06.07,20:00,144.53,145.01,131.40,135.97,447
2017.06.08,00:00,136.04,140.65,134.28,140.60,227
2017.06.08,04:00,140.60,144.25,139.42,140.82,144
2017.06.08,08:00,142.61,143.42,140.81,141.11,107
2017.06.08,12:00,141.12,142.53,138.25,140.76,163
2017.06.08,16:00,140.76,141.53,139.09,139.68,89
2017.06.08,20:00,140.18,143.95,140.18,142.47,149
2017.06.09,00:00,144.13,145.24,142.39,142.39,203
2017.06.09,04:00,142.39,148.75,142.29,146.87,284
2017.06.09,08:00,146.83,147.54,144.58,144.58,81
2017.06.09,12:00,144.58,148.84,144.25,147.58,146
2017.06.09,16:00,147.58,147.79,145.11,145.25,101
2017.06.09,20:00,145.25,147.90,145.25,146.87,165
2017.06.11,00:00,146.04,156.57,146.04,149.53,290
2017.06.11,04:00,149.50,153.59,148.25,152.02,140
2017.06.11,08:00,152.02,168.24,152.02,167.25,428
2017.06.11,12:00,167.25,199.15,167.25,195.25,980
2017.06.11,16:00,194.25,198.15,185.25,190.25,469
2017.06.11,20:00,190.25,196.75,183.35,184.46,330
2017.06.12,00:00,184.75,189.50,180.81,186.43,225
2017.06.12,04:00,186.43,193.74,181.75,184.20,325
2017.06.12,08:00,184.75,186.64,159.25,162.75,439
2017.06.12,12:00,162.75,175.10,161.41,168.27,396
2017.06.12,16:00,168.27,169.74,146.52,150.45,517
2017.06.12,20:00,150.46,163.75,150.46,163.72,304
2017.06.13,00:00,163.72,172.63,162.25,165.23,248
2017.06.13,04:00,165.23,176.30,165.23,175.75,114
2017.06.13,08:00,174.82,176.33,167.25,167.97,119
2017.06.13,12:00,168.75,175.36,168.75,171.75,172
2017.06.13,16:00,172.36,182.25,172.29,177.84,231
2017.06.13,20:00,177.84,179.67,174.25,178.73,171
2017.06.14,00:00,178.73,190.63,177.47,180.75,271
2017.06.14,04:00,178.87,181.89,174.75,175.45,184
2017.06.14,08:00,174.75,177.25,166.75,175.84,261
2017.06.14,12:00,174.75,175.75,150.85,162.84,320
2017.06.14,16:00,163.75,165.83,150.75,157.75,338
2017.06.14,20:00,157.75,161.83,144.85,154.95,333
2017.06.15,00:00,153.22,159.64,148.76,155.36,265
2017.06.15,04:00,155.29,155.29,136.87,150.75,315
2017.06.15,08:00,150.75,153.53,136.87,138.61,330
2017.06.15,12:00,138.65,145.85,128.75,136.10,327
2017.06.15,16:00,136.11,149.21,136.11,148.54,313
2017.06.15,20:00,145.99,156.99,145.66,154.78,260
2017.06.16,00:00,155.51,156.35,146.75,151.32,200
2017.06.16,04:00,151.32,159.64,151.32,153.52,190
2017.06.16,08:00,153.52,159.85,151.70,151.70,187
2017.06.16,12:00,149.65,157.06,149.65,155.18,174
2017.06.16,16:00,155.75,160.25,155.75,157.85,165
2017.06.16,20:00,157.85,159.64,155.63,156.57,127
2017.06.18,00:00,175.75,179.75,171.75,178.51,215
2017.06.18,04:00,177.41,183.01,168.75,169.81,263
2017.06.18,08:00,168.75,176.74,165.75,175.63,324
2017.06.18,12:00,175.63,182.03,174.75,177.89,217
2017.06.18,16:00,177.89,182.34,174.75,176.75,317
2017.06.18,20:00,176.75,186.76,174.75,185.39,345
2017.06.19,00:00,185.39,198.55,185.38,195.88,518
2017.06.19,04:00,196.32,197.67,188.75,196.25,419
2017.06.19,08:00,194.68,196.14,188.75,193.31,323
2017.06.19,12:00,193.32,195.62,188.74,189.31,274
2017.06.19,16:00,188.93,196.00,188.93,193.64,250
2017.06.19,20:00,193.75,196.51,191.71,194.55,248
2017.06.20,00:00,194.57,198.04,190.00,194.14,282
2017.06.20,04:00,193.89,195.75,192.16,194.50,289
2017.06.20,08:00,194.50,195.75,188.21,191.53,284
2017.06.20,12:00,193.42,195.01,188.66,189.97,205
2017.06.20,16:00,189.96,193.75,166.75,184.85,423
2017.06.20,20:00,185.25,188.69,183.45,185.14,283
2017.06.21,00:00,185.11,189.75,176.53,188.39,258
2017.06.21,04:00,187.93,189.19,180.75,186.79,323
2017.06.21,08:00,186.78,186.78,182.35,184.91,345
2017.06.21,12:00,184.93,192.74,181.75,182.92,338
2017.06.21,16:00,182.93,188.67,182.93,183.75,306
2017.06.21,20:00,184.15,185.76,167.05,176.55,430
2017.06.22,00:00,176.98,179.74,174.25,178.29,142
2017.06.22,04:00,178.15,181.74,168.85,179.55,179
2017.06.22,08:00,179.41,182.55,177.49,181.75,160
2017.06.22,12:00,181.75,181.75,178.52,179.09,80
2017.06.22,16:00,179.76,182.99,178.93,179.17,122
2017.06.22,20:00,178.86,179.60,176.75,178.65,111
2017.06.23,00:00,179.09,182.74,178.65,180.05,126
2017.06.23,04:00,180.05,181.75,178.02,180.65,69
2017.06.23,08:00,180.26,188.25,178.98,183.09,197
2017.06.23,12:00,182.95,188.36,182.75,186.83,110
2017.06.23,16:00,187.09,187.77,184.32,185.24,100
2017.06.23,20:00,185.24,185.63,181.67,183.28,110
2017.06.25,00:00,172.64,172.64,166.75,168.75,114
2017.06.25,04:00,169.25,175.33,168.75,170.75,138
2017.06.25,08:00,170.75,174.75,170.75,173.98,77
2017.06.25,12:00,173.98,174.90,168.74,168.74,109
2017.06.25,16:00,168.82,171.60,162.55,162.55,447
2017.06.25,20:00,161.25,164.24,155.86,163.79,198
2017.06.26,00:00,164.15,166.25,162.18,163.15,77
2017.06.26,04:00,163.25,165.40,153.75,153.75,145
2017.06.26,08:00,153.75,158.75,153.21,155.80,148
2017.06.26,12:00,155.80,158.55,144.25,144.27,205
2017.06.26,16:00,144.25,146.64,138.19,138.19,268
2017.06.26,20:00,138.13,162.11,134.99,159.06,330
2017.06.27,00:00,159.06,163.39,150.25,162.25,254
2017.06.27,04:00,162.25,163.36,151.75,152.71,217
2017.06.27,08:00,153.38,159.26,153.38,153.86,236
2017.06.27,12:00,153.82,155.75,141.75,148.16,400
2017.06.27,16:00,147.97,160.75,147.95,160.75,247
2017.06.27,20:00,160.75,170.75,160.75,169.41,397
2017.06.28,00:00,169.49,173.75,164.75,171.75,177
2017.06.28,04:00,171.75,176.62,167.24,174.55,250
2017.06.28,08:00,175.75,179.25,171.15,179.25,233
2017.06.28,12:00,178.75,181.55,175.22,175.24,241
2017.06.28,16:00,175.24,178.75,169.74,178.75,233
2017.06.28,20:00,178.75,181.84,177.49,178.08,180
2017.06.29,00:00,177.25,177.66,174.09,175.72,113
2017.06.29,04:00,175.72,178.81,175.72,176.76,115
2017.06.29,08:00,176.76,178.75,167.61,170.32,345
2017.06.29,12:00,170.32,173.95,166.98,172.40,188
2017.06.29,16:00,173.78,175.58,170.75,170.75,105
2017.06.29,20:00,171.75,173.30,170.29,171.24,110
2017.06.30,00:00,171.24,176.45,171.24,174.80,223
2017.06.30,04:00,174.80,176.60,172.36,173.66,129
2017.06.30,08:00,173.66,177.42,173.66,176.38,143
2017.06.30,12:00,176.46,176.70,173.14,175.57,121
2017.06.30,16:00,175.13,179.45,173.81,176.85,125
2017.06.30,20:00,176.85,178.05,168.78,173.30,258
2017.07.02,00:00,157.54,158.89,155.22,157.29,102
2017.07.02,04:00,157.26,162.89,155.59,161.59,149
2017.07.02,08:00,162.59,166.79,161.46,162.93,154
2017.07.02,12:00,162.93,163.74,161.46,162.35,79
2017.07.02,16:00,162.35,166.30,161.76,165.47,182
2017.07.02,20:00,166.47,169.25,163.75,167.65,310
2017.07.03,00:00,167.65,168.49,165.75,167.75,246
2017.07.03,04:00,167.75,169.99,165.97,168.55,155
2017.07.03,08:00,168.32,170.62,167.78,170.62,136
2017.07.03,12:00,170.10,179.28,170.10,178.75,304
2017.07.03,16:00,178.18,178.75,174.42,176.55,144
2017.07.03,20:00,176.55,181.75,176.55,177.31,406
2017.07.04,00:00,177.06,182.25,176.75,179.99,130
2017.07.04,04:00,179.99,185.75,179.96,184.75,266
2017.07.04,08:00,184.75,185.45,181.28,184.75,122
2017.07.04,12:00,184.75,185.39,180.80,180.80,141
2017.07.04,16:00,180.84,183.75,175.93,177.90,328
2017.07.04,20:00,177.93,181.24,176.75,180.20,187
2017.07.05,00:00,180.75,182.09,177.37,179.06,152
2017.07.05,04:00,179.65,184.74,177.75,179.83,257
2017.07.05,08:00,180.92,194.11,179.83,192.75,313
2017.07.05,12:00,192.75,194.24,186.25,191.49,326
2017.07.05,16:00,191.25,204.75,190.26,203.76,402
2017.07.05,20:00,204.75,211.53,198.75,207.75,652
2017.07.06,00:00,207.58,223.19,206.75,220.74,812
2017.07.06,04:00,221.03,221.03,203.89,208.75,455
2017.07.06,08:00,208.75,211.49,199.96,201.25,374
2017.07.06,12:00,201.82,211.89,200.25,209.48,368
2017.07.06,16:00,209.48,216.75,205.94,206.83,378
2017.07.06,20:00,206.83,212.94,206.59,207.14,365
2017.07.07,00:00,208.64,209.48,198.85,199.69,345
2017.07.07,04:00,199.75,207.26,192.47,192.47,391
2017.07.07,08:00,193.75,195.42,188.62,190.35,292
2017.07.07,12:00,190.31,190.90,184.35,188.51,321
2017.07.07,16:00,188.64,196.74,188.51,194.60,324
2017.07.07,20:00,194.60,195.07,184.86,188.75,152
2017.07.09,00:00,207.74,209.74,200.80,201.75,204
2017.07.09,04:00,201.75,202.29,199.23,201.25,126
2017.07.09,08:00,201.25,201.75,198.75,200.65,75
2017.07.09,12:00,200.75,202.74,196.40,199.95,195
2017.07.09,16:00,200.95,204.25,195.11,195.71,189
2017.07.09,20:00,195.71,198.43,192.89,192.95,142
2017.07.10,00:00,195.05,195.05,188.75,188.75,136
2017.07.10,04:00,189.75,195.13,188.75,194.11,112
2017.07.10,08:00,194.03,196.00,192.77,192.77,166
2017.07.10,12:00,192.20,192.78,178.75,178.75,358
2017.07.10,16:00,180.18,185.98,178.75,183.20,207
2017.07.10,20:00,182.45,182.45,162.95,169.84,390
2017.07.11,00:00,169.88,175.83,160.75,160.75,358
2017.07.11,04:00,160.75,164.78,152.49,158.74,396
2017.07.11,08:00,158.75,164.85,147.46,164.85,433
2017.07.11,12:00,164.90,172.31,160.44,163.35,387
2017.07.11,16:00,163.35,170.35,152.74,152.75,311
2017.07.11,20:00,152.75,161.97,152.75,161.68,219
2017.07.12,00:00,161.26,161.26,149.75,157.98,246
2017.07.12,04:00,157.75,170.03,156.70,170.03,298
2017.07.12,08:00,170.32,174.87,167.86,172.93,452
2017.07.12,12:00,172.93,175.39,168.90,172.45,276
2017.07.12,16:00,173.71,177.87,170.90,176.74,360
2017.07.12,20:00,176.14,177.45,172.75,176.35,285
2017.07.13,00:00,176.35,178.74,176.05,177.84,200
2017.07.13,04:00,177.85,179.30,165.75,165.75,278
2017.07.13,08:00,165.75,170.76,164.75,170.75,327
2017.07.13,12:00,170.76,172.96,162.29,163.29,258
2017.07.13,16:00,163.43,169.05,161.75,165.22,336
2017.07.13,20:00,165.58,169.78,164.48,167.93,100
2017.07.14,00:00,170.24,170.24,161.97,164.56,139
2017.07.14,04:00,163.82,168.75,162.89,167.58,101
2017.07.14,08:00,167.75,167.75,166.00,166.90,190
2017.07.14,12:00,166.65,166.65,157.95,158.75,178
2017.07.14,16:00,158.75,160.51,152.14,156.27,256
2017.07.14,20:00,156.27,159.85,153.20,158.85,317
2017.07.15,00:00,158.85,158.85,158.85,158.85,1
2017.07.16,00:00,136.65,142.58,134.76,140.17,239
2017.07.16,04:00,140.17,141.52,135.05,135.05,157
2017.07.16,08:00,135.05,137.32,122.88,122.88,258
2017.07.16,12:00,123.73,128.71,118.75,126.75,335
2017.07.16,16:00,126.75,134.75,126.75,127.75,278
2017.07.16,20:00,127.76,134.47,127.75,129.63,203
2017.07.17,00:00,129.63,138.44,129.63,136.05,307
2017.07.17,04:00,135.74,146.64,135.74,146.64,416
2017.07.17,08:00,143.95,147.53,137.94,137.94,202
2017.07.17,12:00,137.75,143.64,134.60,141.45,344
2017.07.17,16:00,141.45,146.64,140.17,145.52,219
2017.07.17,20:00,145.52,151.74,145.52,151.05,300
2017.07.18,00:00,151.05,151.05,143.04,144.75,199
2017.07.18,04:00,144.85,150.25,144.02,147.46,234
2017.07.18,08:00,147.50,152.77,144.83,151.79,249
2017.07.18,12:00,151.79,160.35,151.25,160.35,320
2017.07.18,16:00,160.72,164.27,153.12,164.27,415
2017.07.18,20:00,163.75,165.74,152.84,155.15,479
2017.07.19,00:00,155.12,162.65,149.82,160.91,297
2017.07.19,04:00,161.56,167.91,160.26,166.94,338
2017.07.19,08:00,166.75,169.75,165.02,165.54,413
2017.07.19,12:00,165.41,166.21,158.53,162.85,248
2017.07.19,16:00,162.45,164.41,151.21,151.21,288
2017.07.19,20:00,151.21,156.99,151.00,151.05,253
2017.07.20,00:00,152.01,168.74,152.01,167.30,454
2017.07.20,04:00,167.30,171.74,166.86,171.15,301
2017.07.20,08:00,171.74,192.75,167.50,188.85,1247
2017.07.20,12:00,189.25,196.25,186.25,190.75,938
2017.07.20,16:00,190.22,193.44,185.75,189.94,519
2017.07.20,20:00,190.27,192.24,178.97,187.43,580
2017.07.21,00:00,188.49,189.24,182.92,184.95,341
2017.07.21,04:00,184.95,190.10,184.25,189.75,298
2017.07.21,08:00,189.65,196.02,186.18,195.32,484
2017.07.21,12:00,195.35,197.16,190.55,192.17,374
2017.07.21,16:00,193.16,193.72,181.25,181.25,381
2017.07.21,20:00,180.95,186.80,179.70,185.71,296
2017.07.23,00:00,197.24,197.95,193.82,194.75,190
2017.07.23,04:00,194.25,195.55,188.75,188.75,256
2017.07.23,08:00,188.75,193.21,185.75,187.75,253
2017.07.23,12:00,187.95,193.75,182.95,193.24,241
2017.07.23,16:00,191.80,193.03,190.97,191.00,153
2017.07.23,20:00,191.00,193.35,188.96,190.44,94
2017.07.24,00:00,190.55,192.25,189.75,191.15,76
2017.07.24,04:00,191.25,194.71,188.96,194.42,202
2017.07.24,08:00,193.29,200.03,192.36,199.95,406
2017.07.24,12:00,199.95,216.75,199.95,213.35,989
2017.07.24,16:00,213.35,216.48,204.75,212.00,666
2017.07.24,20:00,212.19,212.19,203.75,204.30,329
2017.07.25,00:00,204.30,211.05,201.59,207.81,437
2017.07.25,04:00,207.81,212.75,192.75,192.76,487
2017.07.25,08:00,193.87,204.85,187.25,189.75,822
2017.07.25,12:00,189.74,193.41,185.31,191.90,416
2017.07.25,16:00,191.90,193.74,184.75,184.75,477
2017.07.25,20:00,184.95,192.47,181.10,192.42,512
2017.07.26,00:00,191.25,193.74,187.25,190.76,313
2017.07.26,04:00,190.07,192.49,185.25,188.60,225
2017.07.26,08:00,188.60,199.57,188.60,197.00,399
2017.07.26,12:00,197.00,199.75,190.75,190.84,371
2017.07.26,16:00,190.84,192.45,185.56,190.79,273
2017.07.26,20:00,189.75,193.74,183.25,190.05,403
2017.07.27,00:00,190.05,196.74,189.65,193.78,253
2017.07.27,04:00,193.78,198.24,193.62,194.25,216
2017.07.27,08:00,193.84,198.34,193.84,194.05,183
2017.07.27,12:00,194.05,196.15,190.45,190.45,197
2017.07.27,16:00,190.45,192.14,189.95,190.76,145
2017.07.27,20:00,190.76,193.75,189.60,193.06,323
2017.07.28,00:00,193.32,195.15,191.71,192.56,198
2017.07.28,04:00,192.56,194.70,191.75,193.04,194
2017.07.28,08:00,193.04,194.89,183.84,184.04,246
2017.07.28,12:00,183.84,186.14,177.25,182.14,426
2017.07.28,16:00,182.14,185.21,181.92,181.93,265
2017.07.28,20:00,181.93,184.25,181.92,182.64,181
2017.07.30,00:00,184.67,187.12,180.64,180.64,287
2017.07.30,04:00,180.56,180.74,174.75,176.19,170
2017.07.30,08:00,176.19,178.44,173.75,174.89,159
2017.07.30,12:00,174.89,177.85,173.75,173.90,224
2017.07.30,16:00,173.91,175.18,171.03,171.53,237
2017.07.30,20:00,171.53,172.57,168.20,168.71,339
2017.07.31,00:00,168.71,174.74,168.71,172.66,260
2017.07.31,04:00,172.66,175.39,170.77,174.49,155
2017.07.31,08:00,173.75,175.54,168.75,170.29,318
2017.07.31,12:00,170.29,173.14,169.17,171.75,319
2017.07.31,16:00,173.25,175.75,172.13,175.45,329
2017.07.31,20:00,175.90,177.34,172.55,175.56,358
2017.08.01,00:00,176.15,177.54,172.86,176.62,237
2017.08.01,04:00,177.74,182.70,175.35,175.35,447
2017.08.01,08:00,175.35,179.84,173.06,175.41,379
2017.08.01,12:00,175.41,180.74,173.75,178.93,492
2017.08.01,16:00,179.25,183.70,178.85,183.18,318
2017.08.01,20:00,182.05,184.74,177.25,183.17,329
2017.08.02,00:00,183.17,183.74,181.10,182.64,153
2017.08.02,04:00,182.64,184.72,181.75,182.25,175
2017.08.02,08:00,182.45,183.66,180.25,181.44,237
2017.08.02,12:00,181.75,182.63,179.75,180.45,241
2017.08.02,16:00,180.45,182.24,179.75,180.75,135
2017.08.02,20:00,180.65,180.65,180.65,180.65,2
2017.08.03,00:00,180.65,181.30,179.65,179.65,37
2017.08.03,04:00,179.65,181.02,176.87,179.00,83
2017.08.03,08:00,179.60,183.74,179.01,182.72,203
2017.08.03,12:00,182.72,188.27,180.97,188.25,253
2017.08.03,16:00,188.25,190.30,185.95,188.55,318
2017.08.03,20:00,188.25,188.54,186.05,186.07,103
2017.08.04,00:00,186.74,189.14,185.35,188.75,125
2017.08.04,04:00,187.43,188.94,185.87,187.75,183
2017.08.04,08:00,188.46,190.40,185.75,185.94,224
2017.08.04,12:00,185.34,189.53,185.34,186.04,184
2017.08.04,16:00,186.05,188.57,185.96,186.00,142
2017.08.04,20:00,186.04,186.04,183.79,185.25,102
2017.08.06,00:00,190.95,192.14,186.99,191.00,157
2017.08.06,04:00,190.32,191.06,187.75,188.38,194
2017.08.06,08:00,188.38,192.20,187.45,189.25,219
2017.08.06,12:00,189.25,192.85,189.25,191.33,195
2017.08.06,16:00,191.33,192.85,188.95,189.62,190
2017.08.06,20:00,189.62,190.22,186.75,188.67,188
2017.08.07,00:00,186.75,192.80,185.85,192.64,213
2017.08.07,04:00,192.75,192.75,189.75,190.36,151
2017.08.07,08:00,191.51,193.75,189.86,193.48,207
2017.08.07,12:00,193.50,194.40,190.26,190.97,370
2017.08.07,16:00,190.75,197.75,190.31,197.20,421
2017.08.07,20:00,196.46,197.21,193.25,194.75,182
2017.08.08,00:00,194.75,198.36,193.76,198.26,185
2017.08.08,04:00,198.26,198.44,194.75,197.38,234
2017.08.08,08:00,197.38,198.74,193.85,194.30,281
2017.08.08,12:00,196.46,197.30,192.45,194.74,279
2017.08.08,16:00,194.74,197.25,193.07,195.75,206
2017.08.08,20:00,197.05,204.63,195.75,202.15,495
2017.08.09,00:00,202.15,204.91,197.84,204.91,417
2017.08.09,04:00,204.92,204.92,199.74,200.35,330
2017.08.09,08:00,200.35,202.27,191.75,194.92,442
2017.08.09,12:00,194.92,196.43,190.76,196.34,317
2017.08.09,16:00,196.23,200.75,195.65,198.71,235
2017.08.09,20:00,198.71,199.75,194.31,197.55,160
2017.08.10,00:00,197.55,198.04,193.75,194.27,149
2017.08.10,04:00,194.27,201.28,192.85,200.75,249
2017.08.10,08:00,202.22,204.42,200.12,201.03,291
2017.08.10,12:00,201.58,202.95,200.12,202.95,129
2017.08.10,16:00,202.96,202.96,199.25,199.40,248
2017.08.10,20:00,199.40,202.31,198.75,198.75,83
2017.08.11,00:00,201.25,201.25,198.20,198.75,116
2017.08.11,04:00,198.85,202.94,198.85,201.68,133
2017.08.11,08:00,201.74,206.80,200.96,202.25,264
2017.08.11,12:00,202.25,204.35,197.25,197.57,234
2017.08.11,16:00,197.57,200.87,196.24,197.55,133
2017.08.11,20:00,198.24,206.30,198.24,203.27,197
2017.08.13,00:00,201.99,204.15,190.45,197.74,347
2017.08.13,04:00,197.74,204.45,194.74,200.75,293
2017.08.13,08:00,200.54,200.74,193.75,194.75,282
2017.08.13,12:00,194.75,206.42,194.75,199.75,294
2017.08.13,16:00,198.78,202.22,195.43,195.51,144
2017.08.13,20:00,194.95,199.74,193.75,195.75,246
2017.08.14,00:00,195.75,199.25,193.75,194.27,176
2017.08.14,04:00,194.27,199.65,194.27,198.05,177
2017.08.14,08:00,198.05,202.35,197.04,197.90,282
2017.08.14,12:00,197.20,201.40,193.90,193.91,240
2017.08.14,16:00,193.91,197.58,193.40,197.10,162
2017.08.14,20:00,198.37,200.38,190.88,196.52,274
2017.08.15,00:00,196.70,200.10,195.42,196.10,205
2017.08.15,04:00,196.10,198.40,192.43,195.15,270
2017.08.15,08:00,195.15,196.60,188.57,192.94,319
2017.08.15,12:00,192.94,201.15,187.74,198.40,375
2017.08.15,16:00,198.40,202.95,194.90,194.90,256
2017.08.15,20:00,194.40,201.38,192.40,200.76,219
2017.08.16,00:00,200.76,201.28,196.20,199.92,206
2017.08.16,04:00,199.92,204.79,196.27,204.79,301
2017.08.16,08:00,205.19,215.45,204.79,210.38,517
2017.08.16,12:00,210.38,227.49,210.38,227.49,587
2017.08.16,16:00,227.50,233.37,224.55,226.00,377
2017.08.16,20:00,226.00,229.57,221.42,228.31,321
2017.08.17,00:00,228.31,230.87,226.21,230.23,231
2017.08.17,04:00,230.23,246.39,230.10,245.73,587
2017.08.17,08:00,245.20,246.39,242.45,243.40,361
2017.08.17,12:00,244.14,262.37,243.40,243.77,727
2017.08.17,16:00,242.84,248.40,235.16,241.40,490
2017.08.17,20:00,241.40,246.40,228.40,229.40,344
2017.08.18,00:00,231.51,237.39,221.40,234.39,403
2017.08.18,04:00,234.39,238.40,229.47,232.91,203
2017.08.18,08:00,232.91,234.93,231.81,231.81,167
2017.08.18,12:00,233.38,235.40,223.40,229.58,266
2017.08.18,16:00,229.58,233.25,216.40,219.90,278
2017.08.18,20:00,219.90,226.04,215.40,219.82,271
2017.08.20,00:00,283.40,316.74,278.65,311.71,640
2017.08.20,04:00,311.71,315.66,300.48,300.69,310
2017.08.20,08:00,300.69,313.16,295.40,297.44,335
2017.08.20,12:00,297.44,302.40,287.28,293.76,312
2017.08.20,16:00,293.40,293.76,283.40,291.40,352
2017.08.20,20:00,291.40,306.42,284.81,287.14,521
2017.08.21,00:00,288.58,297.40,287.14,293.40,268
2017.08.21,04:00,293.40,295.21,278.23,283.68,281
2017.08.21,08:00,283.70,289.90,282.84,284.40,310
2017.08.21,12:00,284.40,288.09,273.88,275.54,350
2017.08.21,16:00,275.54,279.23,274.40,277.57,165
2017.08.21,20:00,276.59,281.39,273.63,275.90,172
2017.08.22,00:00,275.90,281.25,271.40,271.40,276
2017.08.22,04:00,271.40,271.90,258.40,266.40,281
2017.08.22,08:00,266.40,279.78,266.40,272.39,256
2017.08.22,12:00,273.40,298.09,272.39,288.28,762
2017.08.22,16:00,288.39,289.70,279.40,280.92,458
2017.08.22,20:00,280.53,292.39,279.90,286.40,227
2017.08.23,00:00,286.40,293.94,286.40,286.67,244
2017.08.23,04:00,288.19,296.42,286.67,292.32,238
2017.08.23,08:00,292.33,295.75,289.20,292.40,277
2017.08.23,12:00,292.06,293.20,286.90,290.40,221
2017.08.23,16:00,290.40,295.34,287.10,287.40,228
2017.08.23,20:00,287.06,291.58,284.30,289.40,175
2017.08.24,00:00,289.40,292.70,288.85,292.20,112
2017.08.24,04:00,291.27,297.05,289.57,293.36,136
2017.08.24,08:00,295.38,297.37,291.40,293.40,155
2017.08.24,12:00,293.40,309.54,291.40,304.60,514
2017.08.24,16:00,304.70,304.80,296.38,300.40,304
2017.08.24,20:00,301.30,312.40,297.40,311.39,200
2017.08.25,00:00,311.39,316.40,304.57,311.39,375
2017.08.25,04:00,311.39,315.39,308.68,315.39,210
2017.08.25,08:00,315.39,317.62,310.49,310.59,221
2017.08.25,12:00,312.39,313.40,309.61,310.30,199
2017.08.25,16:00,310.30,313.20,309.61,310.25,269
2017.08.25,20:00,310.25,313.51,310.25,311.94,212
2017.08.27,00:00,395.30,397.55,365.35,371.59,713
2017.08.27,04:00,371.70,381.40,366.40,377.89,454
2017.08.27,08:00,377.89,392.69,371.40,374.40,527
2017.08.27,12:00,374.40,375.90,352.40,361.25,541
2017.08.27,16:00,361.25,365.89,355.40,360.39,329
2017.08.27,20:00,360.40,368.97,354.40,361.62,385
2017.08.28,00:00,360.40,366.65,355.40,364.08,299
2017.08.28,04:00,362.29,362.40,354.36,356.40,250
2017.08.28,08:00,356.17,356.20,348.40,354.39,367
2017.08.28,12:00,353.90,360.49,348.38,348.40,336
2017.08.28,16:00,348.50,355.48,345.08,353.40,413
2017.08.28,20:00,353.40,360.31,349.06,355.29,239
2017.08.29,00:00,355.29,361.90,353.40,358.40,240
2017.08.29,04:00,358.40,360.39,353.94,354.31,206
2017.08.29,08:00,354.40,358.76,352.40,354.75,246
2017.08.29,12:00,354.50,358.09,349.81,357.40,276
2017.08.29,16:00,357.40,365.40,354.39,363.90,349
2017.08.29,20:00,363.90,368.06,355.60,357.23,328
2017.08.30,00:00,357.23,361.40,355.40,359.40,164
2017.08.30,04:00,358.51,374.07,358.51,366.70,453
2017.08.30,08:00,368.90,370.25,360.60,362.10,363
2017.08.30,12:00,362.10,370.22,362.10,363.88,244
2017.08.30,16:00,363.88,370.25,363.88,367.07,138
2017.08.30,20:00,367.07,370.65,362.66,370.60,220
2017.08.31,00:00,371.40,373.40,369.29,370.40,160
2017.08.31,04:00,371.20,371.30,368.60,370.98,197
2017.08.31,08:00,370.98,374.39,368.60,372.51,209
2017.08.31,12:00,372.51,373.40,368.40,369.75,271
2017.08.31,16:00,369.40,375.58,369.00,372.51,226
2017.08.31,20:00,373.25,382.33,372.51,378.26,274
2017.09.01,00:00,378.27,384.29,378.26,380.40,268
2017.09.01,04:00,380.40,384.31,372.82,384.29,393
2017.09.01,08:00,384.29,386.00,375.86,380.01,203
2017.09.01,12:00,380.01,387.50,379.40,384.59,258
2017.09.01,16:00,384.59,391.58,384.59,389.57,229
2017.09.01,20:00,389.57,392.91,386.69,392.00,180
2017.09.03,00:00,342.97,356.88,342.85,354.00,229
2017.09.03,04:00,354.00,370.50,354.00,363.00,396
2017.09.03,08:00,362.00,366.00,341.53,342.00,234
2017.09.03,12:00,341.53,346.02,327.33,342.29,335
2017.09.03,16:00,342.29,350.53,340.11,350.51,184
2017.09.03,20:00,350.51,353.54,345.13,353.19,190
2017.09.04,00:00,353.19,353.19,347.00,351.78,95
2017.09.04,04:00,351.78,351.99,331.00,331.49,210
2017.09.04,08:00,331.00,331.49,310.99,312.80,501
2017.09.04,12:00,312.79,312.79,288.00,303.30,575
2017.09.04,16:00,303.63,314.88,292.13,312.00,403
2017.09.04,20:00,310.90,330.61,307.76,307.82,359
2017.09.05,00:00,307.82,311.80,277.00,277.27,500
2017.09.05,04:00,277.50,297.10,277.50,296.62,318
2017.09.05,08:00,297.20,304.77,292.42,304.19,335
2017.09.05,12:00,305.54,312.78,304.00,305.58,272
2017.09.05,16:00,306.26,325.99,305.00,322.92,318
2017.09.05,20:00,323.25,331.88,318.94,323.80,336
2017.09.06,00:00,326.14,336.50,323.80,331.00,288
2017.09.06,04:00,332.00,332.00,317.66,328.60,332
2017.09.06,08:00,328.60,337.00,327.53,333.44,209
2017.09.06,12:00,333.44,334.69,322.00,334.00,422
2017.09.06,16:00,334.00,350.48,334.00,344.82,460
2017.09.06,20:00,344.77,347.45,338.84,346.86,225
2017.09.07,00:00,345.99,346.00,328.00,337.40,302
2017.09.07,04:00,336.23,340.06,332.81,334.01,200
2017.09.07,08:00,332.95,340.80,331.02,340.66,213
2017.09.07,12:00,340.66,349.66,336.38,345.19,401
2017.09.07,16:00,345.19,348.71,339.80,342.35,308
2017.09.07,20:00,342.35,347.00,336.60,344.13,280
2017.09.08,00:00,344.13,345.15,338.21,344.00,192
2017.09.08,04:00,344.00,347.60,342.00,346.50,193
2017.09.08,08:00,346.50,369.50,345.27,363.08,524
2017.09.08,12:00,364.59,366.30,293.66,323.87,829
2017.09.08,16:00,324.00,335.90,317.26,318.17,366
2017.09.08,20:00,318.17,328.01,309.52,327.01,329
2017.09.10,00:00,321.33,321.33,312.60,312.60,75
2017.09.10,04:00,297.10,300.83,292.00,300.83,58
2017.09.10,08:00,300.85,303.94,294.06,300.98,224
2017.09.10,12:00,304.33,312.17,297.40,305.97,177
2017.09.10,16:00,305.67,325.52,304.44,323.60,205
2017.09.10,20:00,323.60,324.68,317.90,320.11,130
2017.09.11,00:00,320.11,329.45,320.11,328.16,186
2017.09.11,04:00,326.90,329.39,311.39,313.13,361
2017.09.11,08:00,313.88,317.65,311.39,312.18,187
2017.09.11,12:00,312.20,320.00,312.20,315.37,241
2017.09.11,16:00,315.95,320.61,313.29,314.85,90
2017.09.11,20:00,314.81,317.50,312.86,313.45,142
2017.09.12,00:00,315.25,318.87,313.45,318.49,121
2017.09.12,04:00,318.49,327.82,316.48,327.00,189
2017.09.12,08:00,327.75,327.75,320.00,326.32,137
2017.09.12,12:00,326.32,327.74,320.89,321.20,149
2017.09.12,16:00,321.20,325.83,313.20,322.00,177
2017.09.12,20:00,320.31,324.15,318.17,323.14,155
2017.09.13,00:00,322.56,323.74,299.50,299.50,303
2017.09.13,04:00,299.41,305.55,296.10,300.50,249
2017.09.13,08:00,300.50,300.50,283.71,284.00,317
2017.09.13,12:00,283.71,294.09,280.08,288.67,293
2017.09.13,16:00,286.00,297.99,286.00,289.90,242
2017.09.13,20:00,290.00,300.99,289.05,294.78,163
2017.09.14,00:00,295.81,298.91,289.13,291.85,156
2017.09.14,04:00,290.94,295.91,286.98,294.60,195
2017.09.14,08:00,294.60,295.04,258.23,262.00,330
2017.09.14,12:00,262.00,272.66,251.12,259.18,457
2017.09.14,16:00,259.81,259.85,240.00,247.13,318
2017.09.14,20:00,248.00,253.13,234.05,236.19,346
2017.09.15,00:00,236.19,261.53,235.07,260.42,289
2017.09.15,04:00,260.42,260.42,234.05,236.70,404
2017.09.15,08:00,236.02,248.25,215.99,218.54,493
2017.09.15,12:00,218.02,252.19,215.99,250.42,201
2017.09.15,16:00,285.00,289.00,269.61,286.62,270
2017.09.15,20:00,286.08,297.31,279.86,281.77,308
2017.09.17,00:00,298.20,298.29,287.86,289.85,137
2017.09.17,04:00,290.52,292.50,280.91,280.91,242
2017.09.17,08:00,280.81,295.07,274.13,289.87,265
2017.09.17,12:00,286.94,300.00,286.94,296.89,224
2017.09.17,16:00,299.98,309.80,298.93,306.80,1308
2017.09.17,20:00,306.80,312.16,306.78,310.81,989
2017.09.18,00:00,310.83,330.85,310.83,327.86,1510
2017.09.18,04:00,327.86,341.00,326.40,339.03,1555
2017.09.18,08:00,341.00,341.00,324.00,333.00,935
2017.09.18,12:00,333.00,340.95,318.44,328.00,1052
2017.09.18,16:00,328.00,332.59,327.96,328.12,1354
2017.09.18,20:00,328.13,332.10,328.00,329.69,888
2017.09.19,00:00,329.71,332.02,319.84,322.28,1318
2017.09.19,04:00,322.30,323.09,315.80,316.68,1551
2017.09.19,08:00,316.69,331.00,316.69,324.68,1666
2017.09.19,12:00,324.68,327.90,321.32,325.60,1607
2017.09.19,16:00,325.62,329.82,315.80,318.15,1649
2017.09.19,20:00,318.15,324.89,315.84,321.85,1850
2017.09.20,00:00,321.86,323.16,318.69,318.69,2341
2017.09.20,04:00,318.69,324.76,313.32,323.01,2285
2017.09.20,08:00,323.01,327.84,320.72,327.84,1161
2017.09.20,12:00,327.83,348.00,327.83,340.76,1844
2017.09.20,16:00,340.76,345.17,336.73,337.63,1351
2017.09.20,20:00,337.64,347.00,337.64,340.00,1467
2017.09.21,00:00,340.00,340.00,333.13,334.63,2018
2017.09.21,04:00,334.63,356.87,333.09,355.75,2301
2017.09.21,08:00,355.75,365.01,344.03,357.80,1901
2017.09.21,12:00,357.79,364.27,330.00,333.50,1520
2017.09.21,16:00,333.51,345.70,325.00,325.02,1646
2017.09.21,20:00,325.00,340.50,314.63,326.42,1933
2017.09.22,00:00,326.44,349.50,324.19,349.50,2112
2017.09.22,04:00,349.50,355.06,339.97,345.23,1964
2017.09.22,08:00,345.23,345.23,332.62,333.07,1870
2017.09.22,12:00,332.86,341.54,329.00,330.14,1652
2017.09.22,16:00,330.16,338.00,329.00,334.31,2056
2017.09.22,20:00,334.35,345.12,333.48,338.36,1770
2017.09.23,00:00,338.38,338.38,338.38,338.38,1
2017.09.24,00:00,348.19,349.16,342.44,344.54,2031
2017.09.24,04:00,344.54,347.58,337.00,340.50,1646
2017.09.24,08:00,340.50,355.16,340.50,343.19,1796
2017.09.24,12:00,343.18,352.56,331.26,340.29,1569
2017.09.24,16:00,340.29,340.98,332.00,335.33,2035
2017.09.24,20:00,335.33,340.29,328.00,328.25,2136
2017.09.25,00:00,329.00,338.12,328.25,338.12,1812
2017.09.25,04:00,338.05,341.00,331.81,338.00,1899
2017.09.25,08:00,338.00,338.00,335.38,335.59,1489
2017.09.25,12:00,335.61,341.40,334.67,340.30,1827
2017.09.25,16:00,340.31,343.67,336.11,343.02,1760
2017.09.25,20:00,343.04,347.87,343.00,344.35,2054
2017.09.26,00:00,344.33,350.00,339.98,340.12,2504
2017.09.26,04:00,340.12,342.00,336.80,341.22,1937
2017.09.26,08:00,341.20,343.90,338.15,340.45,2206
2017.09.26,12:00,340.46,343.77,339.00,339.04,1185
2017.09.26,16:00,339.04,341.58,339.04,340.56,1670
2017.09.26,20:00,340.55,343.54,339.04,341.04,1764
2017.09.27,00:00,341.00,341.04,336.80,337.00,1858
2017.09.27,04:00,337.00,341.00,336.80,338.00,1664
2017.09.27,08:00,338.00,342.95,334.36,341.01,1373
2017.09.27,12:00,341.04,344.73,336.00,341.18,1321
2017.09.27,16:00,341.18,350.30,339.82,347.31,1721
2017.09.27,20:00,347.29,350.75,346.10,350.35,1620
2017.09.28,00:00,350.35,350.35,340.97,341.66,1671
2017.09.28,04:00,341.66,348.03,341.66,343.40,2010
2017.09.28,08:00,343.39,347.50,336.80,337.84,1862
2017.09.28,12:00,337.84,348.07,337.13,338.60,1599
2017.09.28,16:00,338.60,346.21,338.06,339.05,2003
2017.09.28,20:00,339.04,343.04,337.95,338.05,1855
2017.09.29,00:00,338.04,341.78,320.03,320.04,1930
2017.09.29,04:00,320.06,330.50,318.00,322.10,2000
2017.09.29,08:00,322.10,326.18,320.00,326.14,1590
2017.09.29,12:00,326.15,334.00,320.22,328.21,1823
2017.09.29,16:00,328.21,328.50,321.74,322.43,1716
2017.09.29,20:00,322.43,328.30,322.30,322.67,2609
2017.10.01,00:00,325.51,326.10,325.30,326.10,1736
2017.10.01,04:00,326.10,327.30,323.30,323.80,987
2017.10.01,08:00,324.15,324.15,319.40,321.80,1511
2017.10.01,12:00,321.80,321.84,315.30,316.82,1878
2017.10.01,16:00,316.83,320.05,313.30,313.85,1669
2017.10.01,20:00,313.89,317.28,311.30,312.52,1825
2017.10.02,00:00,312.52,318.93,311.30,311.84,1689
2017.10.02,04:00,311.85,313.62,311.30,312.38,2390
2017.10.02,08:00,312.35,312.55,311.30,311.50,1482
2017.10.02,12:00,311.50,313.25,311.30,311.49,1486
2017.10.02,16:00,311.30,313.29,307.34,308.52,1680
2017.10.02,20:00,308.52,308.78,301.78,303.65,1976
2017.10.03,00:00,303.65,306.34,302.30,304.05,2155
2017.10.03,04:00,304.05,304.58,297.52,297.52,1899
2017.10.03,08:00,297.52,299.36,292.30,293.30,2182
2017.10.03,12:00,293.30,298.96,291.39,293.93,2047
2017.10.03,16:00,293.97,297.30,288.35,288.53,2692
2017.10.03,20:00,288.52,292.27,287.31,292.27,2745
2017.10.04,00:00,292.28,296.30,289.53,296.30,2563
2017.10.04,04:00,296.30,303.89,295.30,302.66,2489
2017.10.04,08:00,302.69,313.71,300.47,308.49,2039
2017.10.04,12:00,308.49,311.60,301.47,306.97,1764
2017.10.04,16:00,306.97,307.00,299.04,301.03,2140
2017.10.04,20:00,301.28,301.68,298.00,301.68,2068
2017.10.05,00:00,301.68,301.68,293.22,296.02,2770
2017.10.05,04:00,296.04,296.05,290.02,294.37,2250
2017.10.05,08:00,294.38,299.52,292.00,299.50,1887
2017.10.05,12:00,299.50,305.67,297.63,303.08,1383
2017.10.05,16:00,303.11,303.50,298.04,303.00,1695
2017.10.05,20:00,303.00,305.19,300.12,305.19,1186
2017.10.06,00:00,305.19,305.19,302.04,302.28,1073
2017.10.06,04:00,302.28,306.72,302.20,306.72,1662
2017.10.06,08:00,306.72,310.50,305.11,306.82,1532
2017.10.06,12:00,306.82,308.53,303.02,306.21,1976
2017.10.06,16:00,306.20,308.19,302.15,302.50,1713
2017.10.06,20:00,302.50,303.57,302.00,302.42,926
2017.10.08,00:00,307.89,312.74,306.52,310.96,776
2017.10.08,04:00,310.96,311.00,308.41,309.90,255
2017.10.08,08:00,311.50,312.99,307.33,308.54,1382
2017.10.08,12:00,308.54,311.22,308.50,308.82,1894
2017.10.08,16:00,308.84,310.50,303.77,306.09,1256
2017.10.08,20:00,306.09,308.20,298.52,300.00,1472
2017.10.09,00:00,300.01,300.01,287.00,296.38,1357
2017.10.09,04:00,296.40,296.89,289.24,294.58,1419
2017.10.09,08:00,294.60,296.58,291.20,292.77,906
2017.10.09,12:00,292.77,297.00,289.00,290.72,1166
2017.10.09,16:00,290.72,291.00,278.73,278.75,1195
2017.10.09,20:00,278.73,286.00,278.73,280.85,1191
2017.10.10,00:00,280.85,287.96,278.00,283.86,1817
2017.10.10,04:00,283.90,288.39,279.84,281.86,1750
2017.10.10,08:00,281.86,283.37,280.82,282.18,1354
2017.10.10,12:00,282.18,284.43,281.50,281.53,1127
2017.10.10,16:00,281.54,288.50,281.53,287.00,1393
2017.10.10,20:00,287.00,290.69,285.00,285.10,1261
2017.10.11,00:00,285.11,288.51,283.00,285.00,1269
2017.10.11,04:00,285.00,290.05,285.00,288.32,1601
2017.10.11,08:00,288.32,290.24,288.11,288.64,1637
2017.10.11,12:00,288.62,291.77,288.60,291.77,2199
2017.10.11,16:00,291.79,300.00,291.00,298.05,1629
2017.10.11,20:00,298.00,298.03,294.30,295.76,1507
2017.10.12,00:00,295.76,297.55,292.04,293.78,1372
2017.10.12,04:00,293.78,293.78,288.97,290.18,1349
2017.10.12,08:00,290.18,293.33,288.44,289.15,1384
2017.10.12,12:00,289.17,294.14,288.99,291.88,1469
2017.10.12,16:00,291.90,294.21,288.20,288.41,1412
2017.10.12,20:00,288.42,291.76,288.00,288.10,1671
2017.10.13,00:00,288.11,293.60,285.13,290.86,1459
2017.10.13,04:00,290.86,299.00,287.50,298.00,1552
2017.10.13,08:00,298.00,300.93,296.65,297.47,968
2017.10.13,12:00,297.49,302.00,291.38,299.73,1508
2017.10.13,16:00,299.41,303.98,296.90,298.24,1206
2017.10.13,20:00,298.24,305.80,297.62,305.80,1552
2017.10.15,00:00,313.61,313.61,303.60,305.52,2009
2017.10.15,04:00,305.54,308.37,301.61,303.72,1825
2017.10.15,08:00,303.75,304.30,292.30,293.93,1015
2017.10.15,12:00,293.93,300.55,292.30,297.57,1184
2017.10.15,16:00,297.62,297.84,295.30,297.35,1351
2017.10.15,20:00,297.35,304.52,297.30,300.80,1341
2017.10.16,00:00,304.50,305.10,300.92,301.87,1562
2017.10.16,04:00,301.89,306.92,300.40,303.30,1612
2017.10.16,08:00,303.30,305.54,300.03,301.34,1054
2017.10.16,12:00,301.32,306.30,300.30,301.65,1409
2017.10.16,16:00,301.63,301.95,296.88,297.35,1345
2017.10.16,20:00,297.37,300.35,297.25,298.44,1300
2017.10.17,00:00,298.44,300.00,298.30,298.42,1681
2017.10.17,04:00,298.39,298.76,296.40,297.75,1520
2017.10.17,08:00,297.75,299.30,295.10,295.37,1560
2017.10.17,12:00,295.32,297.23,295.30,296.68,1510
2017.10.17,16:00,296.70,298.93,295.50,298.40,1221
2017.10.17,20:00,298.40,298.88,296.10,296.17,1611
2017.10.18,00:00,296.17,296.17,287.94,289.12,1960
2017.10.18,04:00,289.38,293.30,286.21,286.21,1126
2017.10.18,08:00,286.23,286.23,280.30,283.30,1264
2017.10.18,12:00,283.31,284.34,280.75,280.90,885
2017.10.18,16:00,280.92,288.68,280.90,288.50,1380
2017.10.18,20:00,288.50,295.50,286.00,293.93,1503
2017.10.19,00:00,293.85,295.60,292.50,293.40,2108
2017.10.19,04:00,293.39,295.60,289.54,289.54,2002
2017.10.19,08:00,289.54,290.98,287.06,289.50,1855
2017.10.19,12:00,289.50,291.54,289.50,290.40,1507
2017.10.19,16:00,290.40,291.04,289.50,289.51,1795
2017.10.19,20:00,289.54,292.00,289.50,289.92,1454
2017.10.20,00:00,289.93,294.03,289.50,289.77,1266
2017.10.20,04:00,289.77,297.50,289.50,291.30,979
2017.10.20,08:00,289.50,290.61,287.65,288.00,1133
2017.10.20,12:00,288.00,289.50,287.70,288.71,1106
2017.10.20,16:00,288.71,289.62,283.50,286.54,1176
2017.10.20,20:00,286.50,287.50,282.51,284.18,1410
2017.10.22,00:00,273.85,279.50,273.63,275.38,1556
2017.10.22,04:00,275.39,279.90,274.46,274.62,1398
2017.10.22,08:00,274.74,278.50,273.50,274.49,1613
2017.10.22,12:00,274.51,277.33,270.49,272.92,1559
2017.10.22,16:00,272.93,273.33,267.06,268.32,1655
2017.10.22,20:00,267.06,273.50,267.06,273.50,1423
2017.10.23,00:00,273.50,275.50,268.17,268.86,1769
2017.10.23,04:00,268.89,272.88,267.50,267.50,1937
2017.10.23,08:00,267.52,267.52,261.16,264.65,1738
2017.10.23,12:00,264.66,267.23,261.75,264.24,1489
2017.10.23,16:00,264.28,278.80,264.28,278.80,1661
2017.10.23,20:00,278.63,289.50,274.61,277.50,1692
2017.10.24,00:00,277.50,289.54,268.50,287.34,1845
2017.10.24,04:00,284.67,294.66,284.51,294.66,1962
2017.10.24,08:00,294.68,295.50,287.50,290.70,1778
2017.10.24,12:00,290.72,297.94,288.85,297.50,1621
2017.10.24,16:00,297.50,297.96,292.50,294.29,1764
2017.10.24,20:00,293.09,294.52,288.85,289.25,1925
2017.10.25,00:00,289.27,294.54,287.50,288.46,1354
2017.10.25,04:00,288.48,288.62,283.76,287.72,1196
2017.10.25,08:00,287.72,292.00,286.26,286.26,1006
2017.10.25,12:00,286.26,286.50,282.50,282.85,1626
2017.10.25,16:00,282.87,288.66,282.85,285.78,681
2017.10.25,20:00,285.84,286.53,283.03,283.40,757
2017.10.26,00:00,283.42,289.24,282.60,287.00,1665
2017.10.26,04:00,287.00,287.00,282.50,282.68,1766
2017.10.26,08:00,282.70,288.05,282.51,285.90,1655
2017.10.26,12:00,286.02,286.43,279.78,281.54,1461
2017.10.26,16:00,281.50,285.54,279.50,280.49,1750
2017.10.26,20:00,280.51,282.54,280.10,282.54,1026
2017.10.27,00:00,281.11,284.50,279.50,279.96,1376
2017.10.27,04:00,279.96,283.48,279.73,281.56,1531
2017.10.27,08:00,281.56,283.19,279.50,281.39,1014
2017.10.27,12:00,281.39,281.88,277.50,278.52,1512
2017.10.27,16:00,278.54,278.98,274.70,277.58,1865
2017.10.27,20:00,277.60,279.50,275.48,279.50,1532
2017.10.29,00:00,270.94,278.03,270.68,274.59,1270
2017.10.29,04:00,274.61,279.70,273.03,276.28,2046
2017.10.29,08:00,276.28,276.92,273.00,274.56,732
2017.10.29,12:00,274.78,281.50,274.54,279.15,1306
2017.10.29,16:00,279.15,281.50,275.86,279.82,1411
2017.10.29,20:00,279.84,282.50,278.50,278.53,882
2017.10.30,00:00,278.53,280.16,278.37,280.11,1385
2017.10.30,04:00,280.13,283.50,280.00,282.22,1080
2017.10.30,08:00,282.21,286.16,278.50,283.06,1052
2017.10.30,12:00,283.58,284.14,280.07,280.28,1108
2017.10.30,16:00,280.37,282.45,280.00,281.77,999
2017.10.30,20:00,281.77,283.49,281.77,282.50,498
2017.10.31,00:00,282.52,283.49,280.60,281.19,1082
2017.10.31,04:00,281.19,281.90,278.50,279.45,1050
2017.10.31,08:00,279.46,280.50,278.50,278.69,1637
2017.10.31,12:00,278.67,282.50,277.20,279.64,1366
2017.10.31,16:00,279.61,281.50,277.50,278.53,1652
2017.10.31,20:00,278.53,280.49,276.32,276.50,1228
2017.11.01,00:00,276.50,276.50,272.61,273.81,1821
2017.11.01,04:00,273.81,277.50,272.50,275.80,1362
2017.11.01,08:00,275.80,277.43,274.50,274.50,924
2017.11.01,12:00,274.50,276.96,270.50,274.70,1210
2017.11.01,16:00,274.70,276.24,272.30,272.44,1739
2017.11.01,20:00,272.44,272.64,267.50,268.58,1351
2017.11.02,00:00,268.58,272.19,265.50,265.59,1350
2017.11.02,04:00,265.79,271.26,259.50,259.50,1450
2017.11.02,08:00,259.50,268.32,250.00,250.90,792
2017.11.02,12:00,250.90,262.56,250.90,257.70,833
2017.11.02,16:00,257.70,262.94,257.70,262.91,1312
2017.11.02,20:00,262.90,263.50,257.50,257.94,1197
2017.11.03,00:00,257.94,266.50,257.94,259.07,951
2017.11.03,04:00,259.07,261.63,259.07,260.30,1141
2017.11.03,08:00,260.30,265.94,257.69,262.08,1158
2017.11.03,12:00,262.08,273.44,262.00,270.94,1373
2017.11.03,16:00,270.94,273.90,265.11,267.62,1439
2017.11.03,20:00,267.62,277.28,266.90,274.50,1207
2017.11.05,00:00,270.68,272.89,269.95,270.70,973
2017.11.05,04:00,270.71,272.35,270.69,271.15,963
2017.11.05,08:00,271.13,273.20,270.78,271.01,1020
2017.11.05,12:00,270.82,271.47,268.90,268.94,1522
2017.11.05,16:00,268.90,269.90,268.90,269.10,2007
2017.11.05,20:00,269.10,269.97,267.90,268.14,1602
2017.11.06,00:00,267.90,268.51,264.84,265.98,1425
2017.11.06,04:00,266.00,266.30,265.96,266.22,1253
2017.11.06,08:00,266.24,270.90,266.21,270.33,1277
2017.11.06,12:00,270.52,274.95,270.33,273.03,608
2017.11.06,16:00,272.99,283.90,271.73,271.73,783
2017.11.06,20:00,272.90,275.12,271.73,273.13,824
2017.11.07,00:00,273.11,284.06,273.10,282.90,924
2017.11.07,04:00,284.90,287.94,281.15,283.90,1268
2017.11.07,08:00,283.90,297.90,282.90,297.40,1111
2017.11.07,12:00,297.90,299.45,279.90,280.95,906
2017.11.07,16:00,280.90,287.28,280.90,284.90,809
2017.11.07,20:00,284.90,292.90,281.45,288.14,1178
2017.11.08,00:00,288.16,293.93,283.03,293.90,960
2017.11.08,04:00,293.93,293.96,287.49,290.90,951
2017.11.08,08:00,290.90,310.58,290.90,301.00,824
2017.11.08,12:00,301.00,327.38,294.28,305.90,1685
2017.11.08,16:00,305.90,312.59,282.96,303.16,1505
2017.11.08,20:00,303.16,326.02,303.14,323.13,1475
2017.11.09,00:00,323.09,334.04,309.30,328.90,1939
2017.11.09,04:00,324.30,335.50,319.04,328.34,1816
2017.11.09,08:00,327.88,329.19,317.92,319.02,1116
2017.11.09,12:00,319.01,331.90,319.00,327.83,951
2017.11.09,16:00,327.83,336.89,326.06,332.07,1526
2017.11.09,20:00,332.20,337.20,322.90,325.15,1405
2017.11.10,00:00,325.15,328.86,319.18,322.41,1714
2017.11.10,04:00,322.42,337.80,320.90,327.90,1331
2017.11.10,08:00,325.76,347.90,322.90,340.42,996
2017.11.10,12:00,340.42,340.44,312.90,322.40,880
2017.11.10,16:00,320.08,330.90,305.90,308.31,759
2017.11.10,20:00,308.31,337.13,295.56,323.91,818
